result_id,forecast_id,actual_sales_units,actual_revenue,variance_units,variance_revenue,review_status
1,1,3831,1799541.32,-281,47829.32,Needs Follow Up
2,2,4955,1066428.49,414,3834.49,Accepted
3,3,2021,599399.05,-77,-628.95,Reviewed
4,4,4260,1425348.65,-459,210.65,Needs Follow Up
5,5,3304,605436.63,399,9911.63,Accepted
6,6,2621,434972.50,-508,-37506.50,Accepted
7,7,795,111578.69,169,-4857.31,Reviewed
8,8,3115,557503.90,-133,-7648.10,Pending Review
9,9,3974,710052.76,103,40369.76,Pending Review
10,10,4747,1608055.88,431,19767.88,Reviewed
11,11,3078,1383359.14,34,16603.14,Needs Follow Up
12,12,2555,559630.90,390,40030.90,Reviewed
13,13,5120,557675.35,414,-25868.65,Needs Follow Up
14,14,4307,2104352.08,-513,17292.08,Reviewed
15,15,2366,548856.41,247,-40225.59,Accepted
16,16,2965,693712.72,-575,24652.72,Pending Review
17,17,2534,1200084.12,-421,-11465.88,Accepted
18,18,2209,613485.15,116,-1856.85,Pending Review
19,19,5099,675431.09,399,-15468.91,Pending Review
20,20,4635,1005367.06,429,21163.06,Pending Review
21,21,2806,1172264.07,-343,26028.07,Needs Follow Up
22,22,2177,283052.59,403,18726.59,Accepted
23,23,1217,504820.19,-416,45947.19,Reviewed
24,24,5099,1007326.97,266,40726.97,Needs Follow Up
25,25,3865,1460519.69,467,43553.69,Reviewed
26,26,515,72717.39,111,-14142.61,Needs Follow Up
27,27,1622,578696.87,-376,19256.87,Accepted
28,28,2451,950534.30,251,17734.30,Reviewed
29,29,4261,1467089.30,262,-8541.70,Accepted
30,30,2462,839287.32,-512,6567.32,Needs Follow Up
31,31,274,115850.96,-111,-11199.04,Needs Follow Up
32,32,2430,1208979.51,-572,-15836.49,Accepted
33,33,4605,1823645.86,42,-38058.14,Needs Follow Up
34,34,0,91805.86,-166,36361.86,Reviewed
35,35,1122,476483.02,-152,-29294.98,Accepted
36,36,4866,1433215.56,250,48415.56,Pending Review
37,37,4475,1369819.91,-331,-23920.09,Accepted
38,38,3695,1554700.98,-448,1075.98,Accepted
39,39,1379,442798.15,208,10699.15,Reviewed
40,40,0,69706.42,-289,-41847.58,Pending Review
41,41,1493,449472.08,279,40354.08,Needs Follow Up
42,42,1314,198480.30,38,5804.30,Needs Follow Up
43,43,4388,1633038.41,587,-1391.59,Accepted
44,44,1409,192237.49,476,-1826.51,Needs Follow Up
45,45,3599,1259869.46,-195,-41472.54,Needs Follow Up
46,46,4424,955580.51,-141,-44154.49,Pending Review
47,47,3558,1371337.45,413,12697.45,Accepted
48,48,1176,271124.12,-181,-11131.88,Pending Review
49,49,4004,1038356.78,-231,26191.78,Reviewed
50,50,2657,1020784.97,264,-24956.03,Pending Review
51,51,0,225245.14,-559,44129.14,Pending Review
52,52,5164,1902884.75,388,-21843.25,Reviewed
53,53,3798,1734337.75,-374,-1214.25,Pending Review
54,54,0,95956.58,-209,25314.58,Reviewed
55,55,3424,632309.53,568,32549.53,Needs Follow Up
56,56,3793,1449131.09,-101,-3330.91,Reviewed
57,57,2756,746521.08,473,-13717.92,Accepted
58,58,620,176574.39,-137,31230.39,Reviewed
59,59,2819,538052.68,260,28811.68,Pending Review
60,60,427,235424.09,-206,-48792.91,Pending Review
61,61,1767,607005.87,113,-8282.13,Pending Review
62,62,3430,1312309.21,122,-966.79,Accepted
63,63,3347,880330.17,201,12034.17,Accepted
64,64,4562,1897571.11,-260,26635.11,Accepted
65,65,4142,1351626.72,-468,-49813.28,Accepted
66,66,4192,2082284.59,-583,33809.59,Reviewed
67,67,0,48474.50,-72,35514.50,Pending Review
68,68,1807,172903.94,360,-29676.06,Pending Review
69,69,2045,541093.80,-339,-19146.20,Pending Review
70,70,4071,721377.60,310,-19539.40,Needs Follow Up
71,71,424,124580.96,-177,24814.96,Accepted
72,72,579,362057.07,-340,18351.07,Pending Review
73,73,542,120733.28,99,33905.28,Reviewed
74,74,1125,208046.93,-363,5678.93,Pending Review
75,75,3353,1055773.18,-574,46534.18,Reviewed
76,76,5203,1764018.76,279,35694.76,Accepted
77,77,2597,457667.65,435,16619.65,Needs Follow Up
78,78,1464,630231.63,-316,16131.63,Accepted
79,79,3615,1689845.85,-191,41847.85,Reviewed
80,80,4357,2005345.73,-390,-40611.27,Pending Review
81,81,4822,1269429.86,429,26210.86,Needs Follow Up
82,82,3417,1197166.88,392,29516.88,Reviewed
83,83,163,142059.79,-172,13754.79,Needs Follow Up
84,84,3150,1017138.40,188,-10675.60,Needs Follow Up
85,85,3649,821345.14,22,-1983.86,Reviewed
86,86,4796,821936.54,-96,-34163.46,Accepted
87,87,4884,1332682.16,590,1542.16,Accepted
88,88,4007,1271957.47,-580,-30750.53,Needs Follow Up
89,89,514,402976.54,-500,21712.54,Accepted
90,90,1765,935644.30,-537,33260.30,Needs Follow Up
91,91,1457,363316.76,139,-28129.24,Pending Review
92,92,4148,935199.04,-380,16015.04,Pending Review
93,93,1117,206971.94,-87,23963.94,Pending Review
94,94,4789,1221421.42,317,45285.42,Accepted
95,95,4031,649448.79,249,-4837.21,Reviewed
96,96,2790,760455.94,592,13135.94,Reviewed
97,97,2780,509168.46,-89,-44548.54,Needs Follow Up
98,98,4600,1602467.48,426,-4522.52,Reviewed
99,99,2667,700872.64,334,28968.64,Pending Review
100,100,299,0.00,215,-15036.00,Accepted
101,101,2737,1201840.32,-2,29548.32,Reviewed
102,102,5238,1073292.00,425,-14446.00,Pending Review
103,103,2834,646928.49,439,278.49,Pending Review
104,104,2793,649993.49,-592,40693.49,Reviewed
105,105,1204,236266.39,71,-37919.61,Needs Follow Up
106,106,2421,814710.17,304,-334.83,Accepted
107,107,1695,350575.36,576,-41074.64,Needs Follow Up
108,108,1066,544723.96,-427,-9179.04,Accepted
109,109,3779,742425.09,302,-8606.91,Accepted
110,110,0,62771.39,-167,814.39,Pending Review
111,111,3133,570294.83,-326,20313.83,Needs Follow Up
112,112,3879,1417493.11,-378,33968.11,Accepted
113,113,4283,601465.46,-50,20843.46,Reviewed
114,114,4004,1723328.32,-332,6272.32,Accepted
115,115,2870,755827.61,588,27869.61,Pending Review
116,116,4337,1197893.38,-76,24035.38,Accepted
117,117,2192,378095.79,338,-1974.21,Needs Follow Up
118,118,1976,312849.42,209,-42317.58,Pending Review
119,119,2960,454405.57,510,3605.57,Needs Follow Up
120,120,2920,618403.39,102,12533.39,Reviewed
121,121,1511,420935.39,-531,20703.39,Reviewed
122,122,857,96148.79,152,9433.79,Needs Follow Up
123,123,3200,1288496.83,308,1556.83,Pending Review
124,124,1456,309612.08,-174,6432.08,Accepted
125,125,1921,605666.32,-215,-11637.68,Reviewed
126,126,187,108749.34,-361,7917.34,Accepted
127,127,0,30988.43,-235,-34576.57,Needs Follow Up
128,128,2315,824582.84,-538,-8493.16,Reviewed
129,129,916,126320.12,550,27500.12,Pending Review
130,130,3235,1205761.77,239,-46566.23,Needs Follow Up
131,131,4867,1353198.81,495,-45841.19,Needs Follow Up
132,132,3946,1038411.71,-322,-49928.29,Pending Review
133,133,969,703128.13,-541,40238.13,Pending Review
134,134,4268,1590640.06,-161,5058.06,Reviewed
135,135,1545,837700.33,-464,-34205.67,Needs Follow Up
136,136,521,149632.72,211,35242.72,Needs Follow Up
137,137,286,96747.54,-150,-5712.46,Reviewed
138,138,3991,1583311.81,-192,14686.81,Pending Review
139,139,3529,1440959.48,4,27434.48,Pending Review
140,140,1176,295615.72,168,-13840.28,Needs Follow Up
141,141,2758,1184378.06,-599,-3999.94,Reviewed
142,142,3247,851107.66,586,12892.66,Reviewed
143,143,2584,732463.19,111,-9436.81,Accepted
144,144,662,106662.88,404,30552.88,Pending Review
145,145,964,251145.85,235,-1088.15,Reviewed
146,146,4680,1059483.98,50,-23936.02,Needs Follow Up
147,147,1036,194927.66,-188,10103.66,Reviewed
148,148,2819,417229.76,203,-24874.24,Reviewed
149,149,2568,646153.60,99,-22945.40,Needs Follow Up
150,150,4454,1751998.24,525,15380.24,Needs Follow Up
151,151,4423,891628.18,-107,21868.18,Reviewed
152,152,2156,424404.42,124,1748.42,Needs Follow Up
153,153,621,0.00,493,-26624.00,Pending Review
154,154,2178,320166.52,76,-28765.48,Reviewed
155,155,2625,1119105.23,-321,46761.23,Pending Review
156,156,2386,383877.02,265,33912.02,Needs Follow Up
157,157,418,286694.66,-339,-18376.34,Needs Follow Up
158,158,2401,537298.62,441,39458.62,Reviewed
159,159,4146,737097.92,554,-17222.08,Reviewed
160,160,2454,400592.93,26,-48587.07,Reviewed
161,161,758,158178.54,1,-11389.46,Accepted
162,162,4997,662673.65,356,26856.65,Reviewed
163,163,108,212557.54,-517,-47442.46,Reviewed
164,164,479,411378.47,-529,-4925.53,Accepted
165,165,1754,387534.83,-73,-10751.17,Pending Review
166,166,3613,1598486.41,32,22846.41,Accepted
167,167,515,260526.93,-101,34454.93,Pending Review
168,168,3005,348962.73,575,13622.73,Reviewed
169,169,772,68977.25,535,10438.25,Reviewed
170,170,1978,787326.25,-169,-39268.75,Accepted
171,171,4345,1106595.31,578,-12203.69,Reviewed
172,172,1767,276228.51,472,-28096.49,Reviewed
173,173,3936,1893905.68,-189,45905.68,Accepted
174,174,500,102804.27,1,-37414.73,Accepted
175,175,2913,695721.19,-242,-14153.81,Reviewed
176,176,1963,725084.65,-388,-41341.35,Reviewed
177,177,973,313635.61,-198,25569.61,Accepted
178,178,2086,1036041.35,-571,7782.35,Pending Review
179,179,1029,159750.71,582,-21731.29,Pending Review
180,180,3419,992555.70,42,6471.70,Reviewed
181,181,4227,1778753.26,-133,26033.26,Pending Review
182,182,0,43962.21,-92,5782.21,Needs Follow Up
183,183,3369,1296637.68,257,48725.68,Needs Follow Up
184,184,1267,361831.37,281,-46372.63,Needs Follow Up
185,185,1714,704018.34,-262,34154.34,Accepted
186,186,2842,1384600.37,-455,39424.37,Accepted
187,187,0,94398.57,-316,14766.57,Needs Follow Up
188,188,3961,1122511.75,526,-28213.25,Needs Follow Up
189,189,841,253153.66,-13,-20980.34,Pending Review
190,190,3239,1103644.74,-557,2804.74,Pending Review
191,191,2415,634724.83,234,-26118.17,Pending Review
192,192,1017,237173.40,316,20564.40,Pending Review
193,193,3344,514391.06,188,25211.06,Pending Review
194,194,748,33868.41,444,-33315.59,Reviewed
195,195,597,29230.84,366,-37759.16,Accepted
196,196,3857,1203296.48,545,-42015.52,Accepted
197,197,3393,591491.20,-360,-27753.80,Reviewed
198,198,2187,722434.80,-441,31270.80,Needs Follow Up
199,199,0,13148.02,-122,-15887.98,Needs Follow Up
200,200,1408,266090.60,231,34221.60,Needs Follow Up
201,201,3459,1011019.57,-454,9291.57,Pending Review
202,202,3862,1083229.20,-532,37457.20,Reviewed
203,203,0,97341.61,-225,3066.61,Needs Follow Up
204,204,4557,831916.71,54,30382.71,Accepted
205,205,1771,883922.17,-532,-14247.83,Pending Review
206,206,3733,544859.56,-113,17957.56,Reviewed
207,207,4599,1380125.57,-172,-8235.43,Needs Follow Up
208,208,2435,565715.33,296,-1119.67,Needs Follow Up
209,209,368,278809.35,-374,9463.35,Pending Review
210,210,4095,536412.28,-55,25962.28,Needs Follow Up
211,211,355,195556.51,-242,-12199.49,Accepted
212,212,3015,1071792.44,353,-43585.56,Needs Follow Up
213,213,4539,1084250.76,-23,7618.76,Needs Follow Up
214,214,4410,714446.54,376,44802.54,Accepted
215,215,4200,811670.40,-406,19438.40,Accepted
216,216,3415,505031.95,47,-27112.05,Accepted
217,217,4395,1208392.41,-237,-14455.59,Accepted
218,218,2625,800275.28,8,17792.28,Pending Review
219,219,4492,1563540.59,61,-36050.41,Needs Follow Up
220,220,2328,299290.12,574,46714.12,Reviewed
221,221,4385,648841.03,466,-13469.97,Reviewed
222,222,3958,1592825.46,-390,31893.46,Accepted
223,223,4330,1675892.32,286,-2367.68,Pending Review
224,224,2010,676869.61,-125,4344.61,Accepted
225,225,96,207736.70,-448,-18023.30,Needs Follow Up
226,226,1780,712114.86,-13,23602.86,Needs Follow Up
227,227,3480,1092245.94,-525,14900.94,Reviewed
228,228,4888,865111.63,247,25090.63,Reviewed
229,229,1273,276459.36,515,-29772.64,Pending Review
230,230,4271,2019075.10,-462,35948.10,Pending Review
231,231,4413,1517611.79,-70,-6608.21,Reviewed
232,232,3576,605516.22,-237,25940.22,Accepted
233,233,605,80515.09,442,45307.09,Reviewed
234,234,132,119777.99,-91,42173.99,Accepted
235,235,4349,1401267.24,104,-12317.76,Pending Review
236,236,160,166586.57,-177,27742.57,Pending Review
237,237,1216,430137.33,-100,-19934.67,Accepted
238,238,3090,989768.64,-317,-22110.36,Accepted
239,239,3610,881729.65,325,-44640.35,Reviewed
240,240,833,370767.54,48,36357.54,Accepted
241,241,4495,1539370.99,363,35322.99,Pending Review
242,242,1495,161158.85,224,-30762.15,Reviewed
243,243,1639,366209.83,-186,30409.83,Accepted
244,244,1571,451780.73,-303,-3601.27,Needs Follow Up
245,245,2796,764865.26,-375,16509.26,Needs Follow Up
246,246,3588,1271841.65,-271,21525.65,Needs Follow Up
247,247,2276,661726.49,587,43552.49,Accepted
248,248,3707,1081412.66,385,-8203.34,Pending Review
249,249,1669,473915.53,-159,13259.53,Reviewed
250,250,1769,713330.98,-172,18452.98,Accepted
251,251,4770,1081532.38,-29,-3041.62,Needs Follow Up
252,252,264,50975.81,-221,-8679.19,Reviewed
253,253,896,122559.70,568,49087.70,Pending Review
254,254,715,501004.55,-349,29652.55,Pending Review
255,255,491,156515.40,-234,22390.40,Accepted
256,256,461,398160.32,-416,27189.32,Pending Review
257,257,3065,1234713.79,-144,-36050.21,Reviewed
258,258,2768,671626.98,202,-31457.02,Pending Review
259,259,5055,1016114.59,587,-24929.41,Reviewed
260,260,1668,534575.08,427,-13946.92,Accepted
261,261,1875,415208.48,153,-22179.52,Pending Review
262,262,1911,799957.22,51,3877.22,Pending Review
263,263,3867,967579.89,-425,-23872.11,Reviewed
264,264,4418,1911288.03,-496,39054.03,Accepted
265,265,517,26855.80,223,-27534.20,Pending Review
266,266,4066,1420342.63,-276,508.63,Needs Follow Up
267,267,4470,1333712.40,372,-30921.60,Accepted
268,268,2403,1279310.17,-582,-19164.83,Needs Follow Up
269,269,1837,481692.42,586,31332.42,Needs Follow Up
270,270,2169,697374.88,137,-5697.12,Needs Follow Up
271,271,3240,1202246.33,431,8421.33,Needs Follow Up
272,272,3132,1010572.85,-315,-40762.15,Pending Review
273,273,4218,895676.26,150,-44031.74,Needs Follow Up
274,274,3634,904387.40,-247,35043.40,Needs Follow Up
275,275,3747,1138016.88,498,-18627.12,Accepted
276,276,4016,1449091.63,-170,-20194.37,Needs Follow Up
277,277,339,367134.25,-497,18522.25,Pending Review
278,278,3127,383804.47,-169,-47971.53,Pending Review
279,279,4758,1907053.49,140,4437.49,Pending Review
280,280,2804,397906.49,466,9798.49,Accepted
281,281,3657,924195.07,209,-3316.93,Pending Review
282,282,2276,507581.72,204,-29066.28,Needs Follow Up
283,283,1779,752548.70,-186,-25591.30,Accepted
284,284,1314,375684.04,193,-45811.96,Needs Follow Up
285,285,4303,1018498.98,-278,24421.98,Pending Review
286,286,4923,1712515.78,452,26948.78,Pending Review
287,287,3177,1294239.87,-176,20099.87,Needs Follow Up
288,288,561,113374.51,38,10866.51,Accepted
289,289,1827,336148.77,423,-21871.23,Reviewed
290,290,4507,1411134.72,-416,-6689.28,Pending Review
291,291,1896,782251.35,-80,35323.35,Pending Review
292,292,1901,738638.80,-530,-27126.20,Reviewed
293,293,3190,977897.96,-475,21332.96,Reviewed
294,294,909,144714.86,195,-8795.14,Needs Follow Up
295,295,5039,1523104.37,283,-32107.63,Pending Review
296,296,1097,255716.15,473,-22587.85,Accepted
297,297,2647,968943.05,26,-42762.95,Reviewed
298,298,3827,413766.10,492,13566.10,Needs Follow Up
299,299,1594,561626.35,174,-34773.65,Accepted
300,300,0,73655.77,-305,26380.77,Reviewed
301,301,211,252433.01,-597,1145.01,Needs Follow Up
302,302,4351,810690.51,-437,-46361.49,Needs Follow Up
303,303,528,454123.31,-511,23977.31,Reviewed
304,304,4184,1553670.51,-226,36630.51,Reviewed
305,305,149,55947.90,6,-8116.10,Reviewed
306,306,2657,383979.76,-388,-5780.24,Accepted
307,307,1558,335361.24,-192,1111.24,Reviewed
308,308,571,199872.80,177,39120.80,Pending Review
309,309,687,211673.63,39,-22254.37,Reviewed
310,310,2390,835534.15,252,-11113.85,Needs Follow Up
311,311,1642,157434.75,517,4434.75,Accepted
312,312,3930,1043258.04,363,37364.04,Pending Review
313,313,145,239824.76,-298,40917.76,Needs Follow Up
314,314,2049,794953.83,115,-44402.17,Pending Review
315,315,4791,1801067.63,-40,-34712.37,Pending Review
316,316,1466,270103.55,474,7223.55,Accepted
317,317,857,142943.58,-56,24253.58,Reviewed
318,318,789,76708.46,343,-42373.54,Reviewed
319,319,1259,632909.68,-569,18701.68,Pending Review
320,320,5067,568472.25,456,-12513.75,Pending Review
321,321,4041,728546.32,-101,16122.32,Reviewed
322,322,2317,594836.40,108,13869.40,Reviewed
323,323,3044,1036020.11,271,-6627.89,Reviewed
324,324,4834,1995473.83,-83,4088.83,Pending Review
325,325,2017,430809.82,-145,15705.82,Reviewed
326,326,604,74903.93,423,26395.93,Accepted
327,327,1942,717501.10,332,7491.10,Accepted
328,328,5099,1446370.77,130,-24453.23,Reviewed
329,329,937,467234.68,-251,6290.68,Pending Review
330,330,3123,1228114.30,-1,25374.30,Pending Review
331,331,830,428988.65,-280,-49421.35,Pending Review
332,332,1612,510328.73,439,45820.73,Reviewed
333,333,2392,761501.84,130,28613.84,Pending Review
334,334,2789,1018129.11,-503,901.11,Accepted
335,335,1029,165506.27,-316,-38933.73,Needs Follow Up
336,336,2893,529304.33,203,4754.33,Reviewed
337,337,50,30945.55,-277,-8294.45,Needs Follow Up
338,338,1262,249766.44,-260,-16583.56,Reviewed
339,339,3068,733452.35,70,25924.35,Needs Follow Up
340,340,2959,1072468.19,-134,48685.19,Pending Review
341,341,1244,259399.57,-30,24983.57,Reviewed
342,342,2142,610276.11,-126,38740.11,Accepted
343,343,553,130312.70,-112,-44582.30,Pending Review
344,344,1810,694172.75,148,-45417.25,Pending Review
345,345,1663,189183.25,396,-24939.75,Needs Follow Up
346,346,4396,1827872.72,-289,28832.72,Pending Review
347,347,3735,600677.38,549,-26964.62,Accepted
348,348,3620,789792.29,5,-45272.71,Pending Review
349,349,1480,378537.85,386,14235.85,Accepted
350,350,1197,328199.67,-74,-28951.33,Accepted
351,351,722,189221.67,-284,34297.67,Accepted
352,352,2568,471227.77,474,-48084.23,Pending Review
353,353,0,29705.69,-108,2273.69,Accepted
354,354,8,140252.22,-404,-21251.78,Needs Follow Up
355,355,4053,1477148.83,-97,32948.83,Reviewed
356,356,1096,129362.34,455,-18067.66,Reviewed
357,357,1247,422911.73,81,47459.73,Accepted
358,358,2600,582610.09,446,35494.09,Reviewed
359,359,2479,731443.14,85,8455.14,Accepted
360,360,3470,1074000.38,-359,5709.38,Pending Review
361,361,1197,152066.66,355,-1177.34,Reviewed
362,362,4327,1693528.90,-479,11428.90,Needs Follow Up
363,363,1655,750122.03,-82,-21105.97,Needs Follow Up
364,364,5068,1376879.25,572,19087.25,Reviewed
365,365,352,289744.55,-454,-2833.45,Needs Follow Up
366,366,1221,525536.00,-86,35411.00,Reviewed
367,367,555,376285.93,-540,-29959.07,Accepted
368,368,1142,193872.46,130,-10551.54,Accepted
369,369,647,33028.80,485,-10387.20,Needs Follow Up
370,370,1664,589722.28,-174,-2113.72,Accepted
371,371,276,26696.13,174,-9513.87,Reviewed
372,372,458,0.00,306,-18392.00,Needs Follow Up
373,373,4727,928809.12,175,22961.12,Accepted
374,374,3814,1339871.65,362,-23668.35,Pending Review
375,375,1604,509762.89,-587,5832.89,Reviewed
376,376,4647,1643315.64,-205,-6364.36,Pending Review
377,377,2713,924166.77,426,13940.77,Accepted
378,378,1405,538847.70,-329,29051.70,Accepted
379,379,1992,861416.61,-591,-19386.39,Pending Review
380,380,2122,670721.67,147,-38303.33,Reviewed
381,381,4310,1077642.37,-320,-10407.63,Accepted
382,382,3208,1220131.35,389,47427.35,Accepted
383,383,321,303694.09,-329,18994.09,Needs Follow Up
384,384,1891,530577.87,257,6063.87,Reviewed
385,385,4151,1618847.94,-156,16643.94,Reviewed
386,386,914,114043.86,275,-30370.14,Needs Follow Up
387,387,5311,1394429.75,471,-43050.25,Accepted
388,388,2195,501341.48,-294,-23837.52,Reviewed
389,389,64,41550.30,-92,-16169.70,Needs Follow Up
390,390,853,145544.61,189,38640.61,Pending Review
391,391,2823,477387.75,455,-26996.25,Pending Review
392,392,1615,889367.28,-577,-29080.72,Accepted
393,393,738,277277.56,-108,9941.56,Pending Review
394,394,5201,2009232.67,213,-45823.33,Accepted
395,395,2959,1085332.04,-215,-31915.96,Needs Follow Up
396,396,3637,774663.98,-116,-20972.02,Reviewed
397,397,3392,764432.72,-410,-41591.28,Needs Follow Up
398,398,4722,1917420.72,23,-4470.28,Accepted
399,399,2989,947511.40,-43,22751.40,Pending Review
400,400,428,55061.38,320,35621.38,Reviewed
401,401,4102,957135.11,-36,26085.11,Reviewed
402,402,4790,1286327.05,579,48293.05,Needs Follow Up
403,403,3353,1183725.21,493,-43214.79,Accepted
404,404,2599,591572.06,146,32288.06,Needs Follow Up
405,405,1516,457316.41,88,7496.41,Needs Follow Up
406,406,2799,1249887.89,-123,10959.89,Reviewed
407,407,2686,1037706.36,-536,16332.36,Accepted
408,408,2350,859319.31,-557,-15687.69,Pending Review
409,409,567,158013.48,222,4143.48,Reviewed
410,410,4473,608106.88,-496,1888.88,Reviewed
411,411,2169,660045.80,0,31035.80,Needs Follow Up
412,412,4630,616899.46,42,-7068.54,Accepted
413,413,1516,612230.70,-161,-46830.30,Pending Review
414,414,1691,721368.27,-387,39784.27,Needs Follow Up
415,415,4267,947741.66,329,30187.66,Needs Follow Up
416,416,3794,751253.36,580,8819.36,Needs Follow Up
417,417,1261,396198.06,55,630.06,Pending Review
418,418,1579,449663.01,-126,-8981.99,Accepted
419,419,2821,1079669.47,-457,-38128.53,Accepted
420,420,2161,719821.15,501,35901.15,Needs Follow Up
421,421,5303,1304444.89,538,41719.89,Needs Follow Up
422,422,4377,1434855.46,320,43304.46,Reviewed
423,423,688,305623.51,-303,-11496.49,Needs Follow Up
424,424,1433,661731.67,-273,4921.67,Reviewed
425,425,3216,980563.90,533,46879.90,Reviewed
426,426,4623,1143390.62,-260,34949.62,Accepted
427,427,1289,486433.46,-263,-24174.54,Reviewed
428,428,3015,902950.30,228,-47416.70,Accepted
429,429,634,228934.27,-396,21904.27,Accepted
430,430,1496,203403.68,547,27838.68,Accepted
431,431,4112,1170743.93,-205,-3480.07,Pending Review
432,432,2944,1305783.73,-474,20615.73,Accepted
433,433,3202,1502197.31,-161,-4426.69,Needs Follow Up
434,434,3593,1435427.86,-184,-37602.14,Accepted
435,435,4400,940668.54,154,6548.54,Needs Follow Up
436,436,1239,611399.99,-556,-695.01,Reviewed
437,437,2489,985663.60,291,25137.60,Accepted
438,438,3672,1515993.66,-78,4743.66,Reviewed
439,439,2016,359017.44,-46,24973.44,Reviewed
440,440,1597,516038.98,-591,-44089.02,Accepted
441,441,0,83046.39,-246,28434.39,Accepted
442,442,331,0.00,240,-26845.00,Pending Review
443,443,1394,197368.61,-349,-44908.39,Needs Follow Up
444,444,5007,1060371.13,39,46899.13,Reviewed
445,445,600,126923.11,310,26873.11,Needs Follow Up
446,446,1249,552499.23,-275,8431.23,Pending Review
447,447,2737,707777.65,-239,23297.65,Accepted
448,448,717,236650.88,25,-34613.12,Pending Review
449,449,2462,956712.31,-53,-24137.69,Needs Follow Up
450,450,3064,1003918.33,579,32283.33,Pending Review
451,451,4193,1680592.74,167,-38509.26,Needs Follow Up
452,452,2531,689656.78,-201,31244.78,Needs Follow Up
453,453,4089,831192.78,58,49178.78,Needs Follow Up
454,454,5007,1462829.91,150,872.91,Needs Follow Up
455,455,4422,1314474.64,547,20224.64,Pending Review
456,456,777,135162.62,391,40978.62,Reviewed
457,457,2799,721976.42,60,-31248.58,Pending Review
458,458,298,61195.94,126,14755.94,Reviewed
459,459,579,133239.19,280,19320.19,Needs Follow Up
460,460,2335,540297.22,341,-37962.78,Accepted
461,461,1572,567555.53,-201,21471.53,Reviewed
462,462,766,224850.39,-382,-2453.61,Pending Review
463,463,3559,1507614.50,-559,-24281.50,Pending Review
464,464,1200,237875.06,117,-12297.94,Reviewed
465,465,4428,1755231.71,-505,-20648.29,Pending Review
466,466,2636,1285991.88,-397,-9099.12,Needs Follow Up
467,467,1326,309986.82,412,-3515.18,Pending Review
468,468,1394,227819.10,383,27641.10,Reviewed
469,469,4035,1232309.92,296,-38950.08,Pending Review
470,470,1620,490978.32,317,7565.32,Needs Follow Up
471,471,2673,536058.86,-390,-6092.14,Pending Review
472,472,574,99478.06,67,-49072.94,Accepted
473,473,2728,1347752.09,-235,49958.09,Needs Follow Up
474,474,4345,1065613.98,-278,6946.98,Reviewed
475,475,2969,336006.92,2,-28934.08,Reviewed
476,476,863,166664.72,397,40844.72,Needs Follow Up
477,477,4257,1578035.93,345,-10236.07,Pending Review
478,478,5123,1102052.56,297,-46535.44,Accepted
479,479,2075,290392.47,38,-25342.53,Reviewed
480,480,4736,1367009.96,211,14034.96,Pending Review
481,481,2239,663449.54,576,-43325.46,Accepted
482,482,1637,426895.92,262,-22729.08,Needs Follow Up
483,483,1486,736682.35,-342,-16453.65,Reviewed
484,484,1963,778027.01,-21,-11604.99,Needs Follow Up
485,485,4859,1879697.52,449,-34242.48,Reviewed
486,486,681,279236.69,-182,-6416.31,Reviewed
487,487,314,64742.47,200,19370.47,Reviewed
488,488,3420,1171832.92,55,21002.92,Accepted
489,489,1768,326947.36,-533,16312.36,Pending Review
490,490,5163,1737006.63,204,41028.63,Pending Review
491,491,4479,1600775.17,-73,-47048.83,Needs Follow Up
492,492,3092,1215440.67,-137,-40640.33,Pending Review
493,493,1545,781015.30,-284,29296.30,Reviewed
494,494,3915,1172093.80,284,-11612.20,Needs Follow Up
495,495,3384,1364968.11,231,47014.11,Accepted
496,496,2656,1067264.18,-592,-17567.82,Pending Review
497,497,4423,914592.22,-32,-34322.78,Reviewed
498,498,1410,346535.68,243,47783.68,Accepted
499,499,3734,860600.00,-147,-16506.00,Pending Review
500,500,1001,153565.41,425,24541.41,Reviewed
501,501,4466,1550750.97,355,5014.97,Reviewed
502,502,2864,956002.05,148,5402.05,Reviewed
503,503,0,57448.77,-67,47599.77,Reviewed
504,504,4054,1334209.40,81,-4691.60,Pending Review
505,505,1043,477111.80,-363,-27642.20,Needs Follow Up
506,506,2172,429960.80,542,25720.80,Needs Follow Up
507,507,4235,1423209.81,7,-14310.19,Accepted
508,508,1767,589760.19,-327,-9123.81,Accepted
509,509,0,19755.24,-227,-46982.76,Reviewed
510,510,568,198047.41,112,16559.41,Needs Follow Up
511,511,4076,1738201.01,-583,-13582.99,Pending Review
512,512,4227,1668197.79,164,-46388.21,Needs Follow Up
513,513,1322,99351.20,488,-728.80,Accepted
514,514,354,70032.99,-8,-40739.01,Pending Review
515,515,2573,1072828.63,103,42838.63,Needs Follow Up
516,516,891,454871.75,-246,43277.75,Accepted
517,517,1525,251282.62,549,-10285.38,Pending Review
518,518,4231,1439760.92,217,-25349.08,Needs Follow Up
519,519,0,12011.18,-138,-46500.82,Pending Review
520,520,2490,721216.21,85,16551.21,Reviewed
521,521,1468,146037.25,149,-41260.75,Needs Follow Up
522,522,1664,461006.63,143,-42444.37,Pending Review
523,523,2070,589599.46,372,37749.46,Accepted
524,524,1327,279803.96,85,-28212.04,Pending Review
525,525,823,150060.53,330,30261.53,Accepted
526,526,887,150402.47,-86,30723.47,Accepted
527,527,5278,594589.57,485,14636.57,Reviewed
528,528,4738,711091.04,408,-7688.96,Pending Review
529,529,1216,626753.97,-371,-30264.03,Accepted
530,530,4642,1185025.42,253,26329.42,Needs Follow Up
531,531,3892,599224.32,-33,18324.32,Reviewed
532,532,4430,997369.70,55,-35130.30,Needs Follow Up
533,533,4464,1248824.11,86,-25173.89,Pending Review
534,534,0,125985.28,-332,34685.28,Accepted
535,535,638,43270.61,320,-46087.39,Reviewed
536,536,1484,447441.11,-596,-39278.89,Reviewed
537,537,2272,562136.89,-257,8285.89,Needs Follow Up
538,538,577,348025.35,-452,11542.35,Accepted
539,539,740,238858.39,-511,27439.39,Accepted
540,540,2747,1239977.73,-96,-5256.27,Accepted
541,541,4439,668737.63,534,16602.63,Reviewed
542,542,2829,1391203.16,-322,39424.16,Reviewed
543,543,2387,836919.61,398,25407.61,Pending Review
544,544,4296,813342.82,-584,22782.82,Reviewed
545,545,4110,1705706.51,62,1498.51,Reviewed
546,546,5057,1285758.37,75,35276.37,Reviewed
547,547,2993,706747.82,519,-37926.18,Reviewed
548,548,19,55813.04,-206,-28336.96,Reviewed
549,549,1619,241294.92,96,49396.92,Reviewed
550,550,3235,641622.31,-502,-16089.69,Pending Review
551,551,3285,533330.62,98,45719.62,Needs Follow Up
552,552,1331,649398.37,-523,13476.37,Reviewed
553,553,4485,758673.00,-117,49965.00,Reviewed
554,554,3618,715827.53,241,20165.53,Accepted
555,555,713,26695.04,256,-47795.96,Pending Review
556,556,663,155886.33,-447,-33923.67,Accepted
557,557,3616,967015.17,280,46279.17,Needs Follow Up
558,558,2943,926203.67,-72,-35581.33,Reviewed
559,559,57,126517.27,-295,20565.27,Accepted
560,560,5269,1674418.54,559,2368.54,Pending Review
561,561,3185,545034.57,212,27732.57,Reviewed
562,562,4820,843428.64,336,31824.64,Accepted
563,563,4172,1017078.45,442,32358.45,Accepted
564,564,3375,1154123.36,597,40145.36,Accepted
565,565,4438,1793323.51,-447,34723.51,Needs Follow Up
566,566,1098,291236.95,-591,36197.95,Pending Review
567,567,2575,1152394.14,-600,-25530.86,Reviewed
568,568,1708,573601.71,-69,24508.71,Accepted
569,569,4222,1653901.83,254,46861.83,Accepted
570,570,4375,1253414.39,414,21543.39,Reviewed
571,571,745,80928.31,259,-10925.69,Needs Follow Up
572,572,1430,224086.84,449,13171.84,Pending Review
573,573,3199,871754.95,-554,-21459.05,Accepted
574,574,3175,1626420.63,-483,-19679.37,Needs Follow Up
575,575,4695,1241624.53,-5,14924.53,Needs Follow Up
576,576,458,126794.96,-46,-14829.04,Needs Follow Up
577,577,3502,1076874.82,-305,37563.82,Accepted
578,578,1529,549690.68,-211,29430.68,Pending Review
579,579,0,164481.99,-309,34701.99,Reviewed
580,580,699,121545.55,366,49617.55,Accepted
581,581,2682,514965.92,531,41745.92,Needs Follow Up
582,582,4237,1659906.52,-79,-40597.48,Pending Review
583,583,5040,2112379.73,246,-40126.27,Pending Review
584,584,742,35001.45,564,-13592.55,Accepted
585,585,2733,951399.54,403,-24870.46,Needs Follow Up
586,586,4162,2020838.54,-358,398.54,Reviewed
587,587,4913,1224264.05,61,35524.05,Pending Review
588,588,1265,91675.02,580,-25459.98,Reviewed
589,589,3537,962396.78,461,-28075.22,Accepted
590,590,3169,721609.93,-29,34039.93,Needs Follow Up
591,591,1961,278821.07,454,3040.07,Reviewed
592,592,1191,229244.76,-248,-48482.24,Needs Follow Up
593,593,2229,547975.05,163,-11910.95,Pending Review
594,594,1937,771498.59,-236,-12954.41,Needs Follow Up
595,595,4044,737473.25,-310,45187.25,Needs Follow Up
596,596,877,144479.63,-266,-36114.37,Needs Follow Up
597,597,2937,1054291.63,503,-26404.37,Pending Review
598,598,3176,949247.62,362,-15954.38,Accepted
599,599,1315,572330.33,-349,3242.33,Accepted
600,600,2837,946098.07,94,13478.07,Needs Follow Up
601,601,3655,1156853.10,548,32119.10,Reviewed
602,602,2269,1114928.52,-271,40508.52,Pending Review
603,603,2821,427943.79,452,-48225.21,Needs Follow Up
604,604,2796,250560.57,418,-41933.43,Reviewed
605,605,5071,1006764.41,261,-37005.59,Accepted
606,606,1181,247468.69,143,36754.69,Reviewed
607,607,146,231591.03,-327,24890.03,Accepted
608,608,4261,1375963.13,-53,-4516.87,Accepted
609,609,1090,425078.30,-163,-22242.70,Accepted
610,610,2633,1185168.49,-95,12128.49,Reviewed
611,611,4618,842269.93,-156,-31372.07,Pending Review
612,612,4288,649153.30,-347,32698.30,Needs Follow Up
613,613,2107,361909.21,274,46633.21,Reviewed
614,614,1818,608704.88,269,-7797.12,Needs Follow Up
615,615,2038,677133.43,-74,-2930.57,Pending Review
616,616,850,189368.04,-495,21243.04,Reviewed
617,617,3224,528866.75,-438,16186.75,Reviewed
618,618,1675,692077.68,4,-49846.32,Pending Review
619,619,3729,1157992.28,443,-24967.72,Needs Follow Up
620,620,917,98216.70,542,-32658.30,Reviewed
621,621,1598,482016.10,-427,14241.10,Needs Follow Up
622,622,4449,814423.00,360,21157.00,Accepted
623,623,2741,742554.93,-146,-31161.07,Accepted
624,624,1657,783147.05,-309,-36674.95,Pending Review
625,625,1298,591233.58,-138,44117.58,Pending Review
626,626,3487,1505380.77,-326,-23632.23,Accepted
627,627,2704,484441.32,408,-2310.68,Pending Review
628,628,2275,306338.78,333,-4381.22,Accepted
629,629,3855,1490917.28,313,17445.28,Reviewed
630,630,3617,627632.36,-263,49512.36,Accepted
631,631,4407,1818573.45,-218,-40676.55,Accepted
632,632,3799,715063.19,477,-19098.81,Reviewed
633,633,941,188953.54,-135,21097.54,Pending Review
634,634,2644,840143.29,487,-26970.71,Needs Follow Up
635,635,5317,1397588.63,494,-1081.37,Accepted
636,636,362,210832.53,-239,31133.53,Reviewed
637,637,932,157372.14,-16,-3787.86,Pending Review
638,638,2091,672981.69,154,16338.69,Accepted
639,639,614,99433.64,315,25281.64,Reviewed
640,640,2178,511851.83,185,7622.83,Pending Review
641,641,1440,351438.45,-237,2622.45,Pending Review
642,642,234,235084.40,-333,14521.40,Reviewed
643,643,3387,1090518.04,-293,49078.04,Accepted
644,644,2683,1094946.23,35,-9269.77,Needs Follow Up
645,645,2107,429317.27,371,9205.27,Accepted
646,646,3830,1068721.04,242,24613.04,Needs Follow Up
647,647,2300,776341.92,326,2533.92,Reviewed
648,648,3563,566899.42,464,49366.42,Needs Follow Up
649,649,510,188587.93,-160,21757.93,Reviewed
650,650,3372,570796.82,-140,36972.82,Accepted
651,651,1614,374492.80,-5,28026.80,Accepted
652,652,1700,106636.78,599,-36493.22,Reviewed
653,653,2198,728622.22,-365,21234.22,Accepted
654,654,2757,759411.65,297,-32708.35,Accepted
655,655,2309,819566.46,-495,-41261.54,Accepted
656,656,1595,202996.42,343,-28623.58,Needs Follow Up
657,657,1687,174485.98,569,-7748.02,Needs Follow Up
658,658,3321,1277915.16,-198,518.16,Needs Follow Up
659,659,799,104265.97,123,-20794.03,Needs Follow Up
660,660,4140,1708280.23,351,7019.23,Needs Follow Up
661,661,902,108384.42,534,12704.42,Pending Review
662,662,3083,1250099.53,-324,-47967.47,Reviewed
663,663,426,415604.43,-553,28899.43,Reviewed
664,664,3272,902161.58,-77,-32209.42,Needs Follow Up
665,665,4270,1146709.06,252,9615.06,Needs Follow Up
666,666,2487,638761.68,-227,-18026.32,Accepted
667,667,5372,1061260.30,400,-17663.70,Accepted
668,668,2260,630055.81,-380,-24664.19,Reviewed
669,669,676,42657.48,557,19928.48,Needs Follow Up
670,670,4229,1225782.65,-399,13246.65,Reviewed
671,671,3254,602016.26,447,-49207.74,Accepted
672,672,4401,1811078.44,123,1484.44,Needs Follow Up
673,673,4232,1849229.72,-225,-22710.28,Pending Review
674,674,757,165331.81,390,35780.81,Accepted
675,675,4307,623753.92,207,-7646.08,Pending Review
676,676,3065,1165387.23,9,31611.23,Pending Review
677,677,2085,1087773.07,-509,44985.07,Accepted
678,678,905,428733.82,-365,-4336.18,Needs Follow Up
679,679,1887,909246.23,-282,24294.23,Reviewed
680,680,3931,1501444.49,-232,15253.49,Accepted
681,681,256,141596.86,-179,25886.86,Pending Review
682,682,3201,1025217.37,70,-26798.63,Needs Follow Up
683,683,888,110973.85,348,-12686.15,Needs Follow Up
684,684,1269,313216.63,391,-229.37,Pending Review
685,685,2286,892227.06,-87,40320.06,Pending Review
686,686,728,119094.61,194,29916.61,Accepted
687,687,3465,969884.71,489,35420.71,Accepted
688,688,208,228411.70,-502,-29318.30,Reviewed
689,689,1088,312285.65,-582,-20044.35,Needs Follow Up
690,690,1358,531456.07,-412,-24323.93,Needs Follow Up
691,691,2539,335851.22,377,-42498.78,Pending Review
692,692,588,6264.61,444,-47015.39,Needs Follow Up
693,693,677,275667.07,-426,44037.07,Reviewed
694,694,2436,663893.90,385,34236.90,Needs Follow Up
695,695,1236,227594.96,204,38738.96,Needs Follow Up
696,696,3016,703536.50,418,33252.50,Accepted
697,697,2138,573004.10,371,-34843.90,Reviewed
698,698,3410,422470.70,340,-38029.30,Pending Review
699,699,1137,277340.65,-7,26804.65,Accepted
700,700,1937,759218.54,198,-7680.46,Pending Review
701,701,0,130004.38,-423,-28197.62,Accepted
702,702,1588,531325.74,-197,-11314.26,Accepted
703,703,3622,1499201.72,-305,38357.72,Accepted
704,704,3738,823043.93,489,-5451.07,Needs Follow Up
705,705,851,124246.03,402,-29311.97,Reviewed
706,706,1452,429632.53,371,46958.53,Reviewed
707,707,4170,1413218.63,-487,16118.63,Pending Review
708,708,1513,155490.29,470,18857.29,Accepted
709,709,3295,686284.74,344,34113.74,Accepted
710,710,2123,384532.44,250,24916.44,Reviewed
711,711,3078,642253.47,-225,17986.47,Reviewed
712,712,3212,499510.32,-67,10939.32,Pending Review
713,713,5067,1332953.94,229,17017.94,Pending Review
714,714,4230,1931436.56,-381,27093.56,Needs Follow Up
715,715,1977,947250.32,-240,36063.32,Needs Follow Up
716,716,3035,1285374.28,83,-10553.72,Accepted
717,717,867,323464.52,-77,-27703.48,Reviewed
718,718,2516,341250.33,594,-18163.67,Accepted
719,719,3483,648575.40,205,38867.40,Needs Follow Up
720,720,144,127922.72,-155,49883.72,Reviewed
721,721,1594,528061.15,206,-29914.85,Pending Review
722,722,0,48721.22,-103,29254.22,Reviewed
723,723,2957,1203542.27,134,17882.27,Needs Follow Up
724,724,3924,990094.64,-70,-44351.36,Needs Follow Up
725,725,1440,898478.50,-487,37109.50,Reviewed
726,726,3061,1416464.17,-415,-29551.83,Accepted
727,727,0,59934.50,-61,37364.50,Needs Follow Up
728,728,2013,826618.20,-96,10435.20,Accepted
729,729,3846,632599.07,-273,-1726.93,Pending Review
730,730,1585,195466.49,49,8074.49,Needs Follow Up
731,731,600,118261.09,302,-3918.91,Reviewed
732,732,2000,317349.20,85,-13945.80,Reviewed
733,733,2971,957317.18,371,-41082.82,Pending Review
734,734,455,115539.41,186,10898.41,Reviewed
735,735,1350,246316.14,66,-20755.86,Pending Review
736,736,5215,1217978.55,379,-49053.45,Pending Review
737,737,2546,422145.71,575,-25271.29,Reviewed
738,738,2839,1093800.94,-166,48060.94,Needs Follow Up
739,739,4800,1728207.84,443,7192.84,Needs Follow Up
740,740,3794,1118605.25,-64,-7930.75,Pending Review
741,741,3215,1382259.37,-469,-25028.63,Accepted
742,742,3574,1135404.61,-445,-14029.39,Needs Follow Up
743,743,2396,1188868.86,-429,19318.86,Reviewed
744,744,1968,344868.28,477,-23408.72,Accepted
745,745,1037,589251.31,-471,22243.31,Accepted
746,746,1397,186288.83,247,25288.83,Needs Follow Up
747,747,2465,722868.34,292,16643.34,Accepted
748,748,1786,707071.50,88,5797.50,Pending Review
749,749,3446,907990.45,-283,-27988.55,Accepted
750,750,3138,1213506.99,140,38290.99,Accepted
751,751,3827,1478624.62,539,-975.38,Reviewed
752,752,1095,271895.93,295,-30504.07,Pending Review
753,753,3475,1370519.80,-298,4693.80,Pending Review
754,754,2084,702593.82,-144,29737.82,Accepted
755,755,3336,1457474.79,-306,4316.79,Needs Follow Up
756,756,5355,1093718.63,479,11246.63,Reviewed
757,757,3756,1533588.97,167,22619.97,Pending Review
758,758,4015,911005.03,118,30283.03,Needs Follow Up
759,759,1577,243676.43,15,-1557.57,Pending Review
760,760,4434,1738940.81,240,2624.81,Accepted
761,761,2969,516784.26,421,-23391.74,Accepted
762,762,193,0.00,137,-16240.00,Needs Follow Up
763,763,1442,273641.63,-291,39686.63,Pending Review
764,764,2983,1014108.11,-390,25819.11,Reviewed
765,765,5509,1773672.97,527,44918.97,Reviewed
766,766,887,58753.09,477,4633.09,Needs Follow Up
767,767,3743,492968.13,47,-9687.87,Accepted
768,768,2698,708716.77,118,25016.77,Accepted
769,769,3686,729461.44,511,-38888.56,Reviewed
770,770,4020,1470028.01,55,2978.01,Reviewed
771,771,3033,1236771.20,-597,6201.20,Needs Follow Up
772,772,2965,405080.08,396,9454.08,Accepted
773,773,2022,367979.83,-81,-45.17,Reviewed
774,774,1999,886633.67,-166,-5346.33,Needs Follow Up
775,775,5015,1848858.14,171,-30613.86,Needs Follow Up
776,776,3831,685198.20,5,-11133.80,Accepted
777,777,2064,691834.26,-104,43602.26,Pending Review
778,778,969,372301.86,15,31723.86,Needs Follow Up
779,779,4505,1935294.32,-34,24375.32,Needs Follow Up
780,780,2458,770173.27,-132,-30136.73,Needs Follow Up
781,781,3904,1069236.47,582,39416.47,Pending Review
782,782,2997,498075.37,-281,29321.37,Needs Follow Up
783,783,942,501679.86,-252,199.86,Reviewed
784,784,3135,407430.85,106,-49948.15,Pending Review
785,785,4549,1512580.99,393,-20983.01,Needs Follow Up
786,786,0,9429.94,-90,-21170.06,Accepted
787,787,946,594569.23,-498,-17686.77,Pending Review
788,788,1943,326087.65,-364,10028.65,Reviewed
789,789,4889,712893.38,54,40828.38,Reviewed
790,790,4423,975125.81,-83,-2676.19,Needs Follow Up
791,791,421,379891.37,-546,12431.37,Needs Follow Up
792,792,2434,805722.24,-265,9517.24,Accepted
793,793,1434,582124.53,127,44947.53,Needs Follow Up
794,794,4120,919077.29,323,-26375.71,Needs Follow Up
795,795,4697,955935.47,173,-48392.53,Accepted
796,796,3894,1075270.15,589,-38514.85,Reviewed
797,797,5060,1458198.58,299,25137.58,Needs Follow Up
798,798,4297,838102.70,-126,-11113.30,Accepted
799,799,4646,860951.76,-181,11399.76,Accepted
800,800,3034,1132124.06,473,-4959.94,Accepted
801,801,2812,476190.80,436,24750.80,Accepted
802,802,1757,547940.33,141,-4731.67,Pending Review
803,803,3731,681878.91,-369,29978.91,Accepted
804,804,1029,111802.60,-63,-23605.40,Needs Follow Up
805,805,2574,1398613.90,-468,41881.90,Pending Review
806,806,2011,383593.28,556,-17986.72,Accepted
807,807,1198,236857.44,380,-24902.56,Needs Follow Up
808,808,2176,513866.79,389,-22233.21,Needs Follow Up
809,809,823,271435.89,-277,-42064.11,Pending Review
810,810,928,196977.50,439,-22583.50,Needs Follow Up
811,811,862,92903.06,310,-13080.94,Reviewed
812,812,3612,1106875.30,-434,42777.30,Needs Follow Up
813,813,4352,615315.28,80,-12668.72,Pending Review
814,814,0,45515.14,-82,23047.14,Reviewed
815,815,3342,1467242.47,-542,41814.47,Accepted
816,816,1453,359176.91,-575,-18031.09,Accepted
817,817,3255,1084338.02,-368,-6184.98,Needs Follow Up
818,818,3033,1084614.92,59,5052.92,Accepted
819,819,3351,638816.97,-534,-17748.03,Reviewed
820,820,2643,836852.72,570,-27588.28,Accepted
821,821,245,68241.99,-222,-20955.01,Pending Review
822,822,2497,458002.88,361,-39685.12,Pending Review
823,823,4255,1946516.77,-215,11006.77,Pending Review
824,824,1110,394787.66,-487,27477.66,Needs Follow Up
825,825,493,68039.55,88,-26325.45,Accepted
826,826,4758,1247918.24,-202,37678.24,Accepted
827,827,1897,230766.85,367,-18623.15,Reviewed
828,828,893,93595.14,568,-10404.86,Pending Review
829,829,2540,426243.45,431,-31409.55,Reviewed
830,830,1589,597726.69,226,41622.69,Needs Follow Up
831,831,658,48052.58,547,-1120.42,Accepted
832,832,4510,1003998.73,363,424.73,Pending Review
833,833,4892,1326734.17,375,48423.17,Needs Follow Up
834,834,4747,1362625.09,270,-25244.91,Needs Follow Up
835,835,3848,773369.24,333,-28050.76,Pending Review
836,836,4243,1408458.37,295,34554.37,Needs Follow Up
837,837,3432,818229.90,-545,6921.90,Needs Follow Up
838,838,2726,800201.36,430,31041.36,Accepted
839,839,2856,1368356.32,-578,29096.32,Reviewed
840,840,1692,469004.14,-2,-22255.86,Accepted
841,841,2545,528294.04,-506,-5630.96,Pending Review
842,842,4907,1391163.80,218,-34292.20,Reviewed
843,843,1490,397857.77,-433,-48278.23,Needs Follow Up
844,844,2151,895819.03,-127,21067.03,Pending Review
845,845,1325,299311.24,228,-14430.76,Needs Follow Up
846,846,3524,643419.86,458,-34166.14,Accepted
847,847,2476,328090.18,190,-26239.82,Accepted
848,848,3938,576916.12,23,17071.12,Accepted
849,849,1490,221845.52,271,-12.48,Reviewed
850,850,1947,685647.67,339,-5792.33,Pending Review
851,851,3149,1051844.56,596,5114.56,Needs Follow Up
852,852,4633,1387844.08,-263,-22203.92,Accepted
853,853,2991,880806.07,533,-40943.93,Needs Follow Up
854,854,796,418175.91,-530,48221.91,Accepted
855,855,4067,1083633.42,-586,-515.58,Accepted
856,856,1160,426768.26,-190,19068.26,Reviewed
857,857,3695,693575.66,146,-30420.34,Needs Follow Up
858,858,1312,361711.77,93,11858.77,Needs Follow Up
859,859,3122,1352809.87,-310,-6262.13,Pending Review
860,860,2424,766458.68,159,-46676.32,Needs Follow Up
861,861,2757,557204.07,-551,-15079.93,Pending Review
862,862,255,294912.60,-507,-9125.40,Needs Follow Up
863,863,4627,1635750.26,318,-31832.74,Pending Review
864,864,2632,236348.72,495,-39324.28,Needs Follow Up
865,865,3225,874665.20,521,-25766.80,Needs Follow Up
866,866,1373,492634.40,-543,32794.40,Pending Review
867,867,5185,1077020.26,390,36505.26,Accepted
868,868,3955,1518691.56,-141,-5020.44,Pending Review
869,869,988,161118.54,-372,-21121.46,Pending Review
870,870,339,0.00,35,-37392.00,Needs Follow Up
871,871,1257,399568.30,-389,-2055.70,Reviewed
872,872,5185,1998787.99,272,18848.99,Reviewed
873,873,5032,1915973.90,483,-12802.10,Pending Review
874,874,2366,1234041.71,-532,-9200.29,Accepted
875,875,3100,836470.86,427,-29581.14,Needs Follow Up
876,876,5272,2195638.48,456,42886.48,Needs Follow Up
877,877,1783,364708.32,307,-33811.68,Needs Follow Up
878,878,4261,693817.21,271,-16402.79,Needs Follow Up
879,879,3110,1620006.74,-506,43430.74,Needs Follow Up
880,880,4138,456389.34,384,-12860.66,Accepted
881,881,986,174781.64,555,-14427.36,Pending Review
882,882,1774,429181.07,69,-20938.93,Reviewed
883,883,1029,351122.19,52,44344.19,Needs Follow Up
884,884,2193,421508.31,385,40020.31,Pending Review
885,885,1705,601072.06,124,47722.06,Accepted
886,886,253,147219.55,-520,-32116.45,Reviewed
887,887,858,561158.27,-548,12818.27,Accepted
888,888,333,48516.85,66,2859.85,Pending Review
889,889,3429,1275584.22,-168,-15738.78,Accepted
890,890,1656,458578.67,136,28418.67,Pending Review
891,891,3169,880725.49,-505,2639.49,Pending Review
892,892,725,313864.96,-10,44119.96,Reviewed
893,893,133,3252.71,-14,-41435.29,Reviewed
894,894,3213,406352.24,356,23514.24,Accepted
895,895,1978,530869.52,587,-25530.48,Needs Follow Up
896,896,2278,672363.73,176,-48622.27,Reviewed
897,897,2187,278904.67,276,26652.67,Reviewed
898,898,3803,990353.64,-424,-15672.36,Accepted
899,899,1601,546056.69,183,46920.69,Reviewed
900,900,1458,663055.37,-127,14790.37,Reviewed
901,901,751,151445.06,-36,-5954.94,Accepted
902,902,3917,551584.22,-508,-45790.78,Accepted
903,903,476,131624.59,87,5199.59,Reviewed
904,904,1220,121906.10,534,8716.10,Pending Review
905,905,3996,1330768.38,378,-47689.62,Reviewed
906,906,3905,1576038.90,187,-18983.10,Accepted
907,907,4214,764942.36,-105,-16796.64,Accepted
908,908,3819,1313168.36,436,44543.36,Pending Review
909,909,3027,495822.57,206,-28883.43,Pending Review
910,910,1531,198528.13,226,-20711.87,Pending Review
911,911,115,50748.14,-263,-19559.86,Accepted
912,912,2995,937031.44,444,41630.44,Reviewed
913,913,1995,268026.15,392,-46161.85,Pending Review
914,914,4483,1650509.82,-118,-15052.18,Accepted
915,915,1383,345673.47,-224,-23936.53,Needs Follow Up
916,916,1610,367234.81,222,20234.81,Reviewed
917,917,3003,797363.12,-517,22963.12,Accepted
918,918,2523,583523.89,131,-28828.11,Reviewed
919,919,3227,990743.58,-41,20147.58,Needs Follow Up
920,920,4183,1245332.63,415,13196.63,Accepted
921,921,2216,295122.11,-387,-19840.89,Needs Follow Up
922,922,1266,426164.04,-376,23874.04,Reviewed
923,923,3673,1014745.96,556,7954.96,Needs Follow Up
924,924,3167,647903.62,-169,-42648.38,Reviewed
925,925,3461,1124285.55,426,46860.55,Needs Follow Up
926,926,2792,619364.70,232,45924.70,Reviewed
927,927,2687,761236.78,-144,39331.78,Pending Review
928,928,2933,474685.75,517,-20594.25,Reviewed
929,929,2920,764342.59,-231,4951.59,Accepted
930,930,2902,838383.79,-489,-39885.21,Accepted
931,931,2477,484831.90,66,-23889.10,Needs Follow Up
932,932,1911,540587.80,188,49532.80,Accepted
933,933,1317,282635.42,299,-26836.58,Pending Review
934,934,3184,456805.59,115,-28096.41,Reviewed
935,935,1631,277961.51,-340,-5862.49,Needs Follow Up
936,936,882,56863.53,208,-32778.47,Pending Review
937,937,4565,1545282.53,596,-14534.47,Needs Follow Up
938,938,1227,206348.82,596,44181.82,Needs Follow Up
939,939,3211,562750.00,-27,-13614.00,Reviewed
940,940,1444,188111.25,555,14756.25,Needs Follow Up
941,941,0,108208.73,-352,-3375.27,Pending Review
942,942,585,178421.15,-149,-41044.85,Accepted
943,943,1601,216766.77,415,-40595.23,Needs Follow Up
944,944,3462,852728.63,-525,39380.63,Pending Review
945,945,1327,246270.28,183,43782.28,Reviewed
946,946,4481,1263496.71,-58,33427.71,Accepted
947,947,4075,1379280.35,317,-41243.65,Needs Follow Up
948,948,2473,343585.19,81,-46310.81,Accepted
949,949,3883,949970.13,-63,26606.13,Accepted
950,950,383,174818.04,-221,-6985.96,Accepted
951,951,2394,825882.71,106,18218.71,Pending Review
952,952,4425,888493.04,248,23854.04,Accepted
953,953,4048,1638006.14,155,-24304.86,Reviewed
954,954,2452,1188962.68,-152,43202.68,Needs Follow Up
955,955,4978,717445.66,542,-45546.34,Needs Follow Up
956,956,3879,442569.70,277,-36496.30,Pending Review
957,957,3709,1105153.44,521,30797.44,Needs Follow Up
958,958,3787,1255865.94,-96,9422.94,Accepted
959,959,253,66385.84,-263,-18754.16,Pending Review
960,960,2969,707547.74,373,17011.74,Reviewed
961,961,3273,1181135.79,395,-21868.21,Reviewed
962,962,2004,552567.82,36,-6344.18,Accepted
963,963,1456,767675.76,-594,29675.76,Needs Follow Up
964,964,3121,1026773.52,-347,-30966.48,Pending Review
965,965,4616,1356892.25,-22,-34507.75,Accepted
966,966,4661,1211154.74,99,-11461.26,Pending Review
967,967,1134,319925.51,-307,31725.51,Needs Follow Up
968,968,3269,1053971.18,-288,33112.18,Pending Review
969,969,5160,2006163.12,492,-24416.88,Reviewed
970,970,498,108651.75,137,-15532.25,Reviewed
971,971,1300,150271.32,578,16701.32,Accepted
972,972,4172,1360367.30,-329,37073.30,Accepted
973,973,1058,630773.14,-311,36627.14,Accepted
974,974,835,173061.10,-587,-13220.90,Reviewed
975,975,2170,478623.77,445,40473.77,Pending Review
976,976,3540,882268.18,-573,-6139.82,Needs Follow Up
977,977,1141,333343.70,-453,-34870.30,Pending Review
978,978,3810,631055.30,-180,-19314.70,Pending Review
979,979,1778,292566.29,-167,-1128.71,Reviewed
980,980,2426,587090.62,-92,-34855.38,Needs Follow Up
981,981,1405,270814.20,-276,-4869.80,Pending Review
982,982,23,165859.20,-284,37840.20,Pending Review
983,983,4454,1458505.68,319,-5284.32,Needs Follow Up
984,984,3441,855760.04,299,-20857.96,Accepted
985,985,2536,822771.25,437,29349.25,Reviewed
986,986,1548,181280.88,589,13455.88,Accepted
987,987,3281,699667.84,188,3742.84,Needs Follow Up
988,988,1060,187931.31,337,25256.31,Pending Review
989,989,3382,354822.88,577,-21047.12,Pending Review
990,990,3060,416022.40,-451,-29874.60,Needs Follow Up
991,991,2591,698752.63,109,13720.63,Needs Follow Up
992,992,4378,1189783.97,-279,48818.97,Needs Follow Up
993,993,2328,307840.37,237,463.37,Reviewed
994,994,1509,397158.98,76,-27009.02,Needs Follow Up
995,995,2038,626744.71,299,14616.71,Pending Review
996,996,1998,819630.86,-218,-46825.14,Reviewed
997,997,2720,1035768.23,212,-37655.77,Pending Review
998,998,4439,740646.34,-381,-1633.66,Reviewed
999,999,2550,641004.57,99,-25667.43,Reviewed
1000,1000,121,80301.82,-176,5457.82,Pending Review
