forecast_id,department_id,created_by_employee_id,forecast_month,product_category,predicted_sales_units,predicted_revenue,ai_model_used,confidence_level
1,622,874,2025-08-01,Scooters,4112,1751712.00,Prophet,86.88
2,19,726,2025-10-01,Batteries,4541,1062594.00,LSTM,78.48
3,786,889,2024-08-01,Scooters,2098,600028.00,Prophet,99.39
4,992,544,2024-09-01,Service Plans,4719,1425138.00,Tableau Forecast,96.01
5,186,120,2024-02-01,Accessories,2905,595525.00,Random Forest,74.97
6,8,938,2026-10-01,Seating,3129,472479.00,Random Forest,70.76
7,688,520,2025-11-01,Service Plans,626,116436.00,Random Forest,60.28
8,759,120,2025-05-01,Accessories,3248,565152.00,Tableau Forecast,82.80
9,649,929,2026-03-01,Parts,3871,669683.00,Copilot Forecast,96.93
10,767,554,2024-04-01,Seating,4316,1588288.00,LSTM,94.86
11,987,967,2024-09-01,Seating,3044,1366756.00,Copilot Forecast,80.24
12,993,590,2024-09-01,Controls,2165,519600.00,Copilot Forecast,87.52
13,661,5,2024-12-01,Controls,4706,583544.00,Random Forest,79.61
14,871,802,2025-10-01,Batteries,4820,2087060.00,Linear Regression,72.35
15,284,113,2026-11-01,Power Chairs,2119,589082.00,Tableau Forecast,75.92
16,395,656,2024-12-01,Parts,3540,669060.00,Linear Regression,85.84
17,112,706,2025-08-01,Ramps,2955,1211550.00,ARIMA,97.00
18,594,668,2026-05-01,Seating,2093,615342.00,Random Forest,96.38
19,474,832,2026-06-01,Service Plans,4700,690900.00,Copilot Forecast,74.37
20,945,689,2025-08-01,Controls,4206,984204.00,LSTM,76.46
21,539,317,2026-02-01,Accessories,3149,1146236.00,Linear Regression,86.75
22,454,668,2025-12-01,Scooters,1774,264326.00,Tableau Forecast,78.39
23,674,27,2025-02-01,Power Chairs,1633,458873.00,Tableau Forecast,80.06
24,153,196,2024-07-01,Accessories,4833,966600.00,LSTM,71.16
25,602,619,2024-04-01,Parts,3398,1416966.00,XGBoost,97.68
26,230,90,2025-11-01,Lift Chairs,404,86860.00,Copilot Forecast,72.44
27,712,688,2024-08-01,Parts,1998,559440.00,Prophet,71.25
28,707,55,2025-03-01,Accessories,2200,932800.00,XGBoost,98.26
29,77,300,2024-05-01,Ramps,3999,1475631.00,LSTM,95.01
30,377,353,2026-04-01,Controls,2974,832720.00,ARIMA,96.07
31,117,482,2024-01-01,Batteries,385,127050.00,Prophet,67.69
32,281,819,2025-05-01,Controls,3002,1224816.00,Copilot Forecast,64.39
33,256,950,2024-02-01,Service Plans,4563,1861704.00,Prophet,97.78
34,333,31,2024-08-01,Controls,166,55444.00,Copilot Forecast,64.08
35,665,243,2024-03-01,Power Chairs,1274,505778.00,LSTM,75.26
36,255,688,2025-07-01,Power Chairs,4616,1384800.00,Linear Regression,74.65
37,53,130,2025-06-01,Ramps,4806,1393740.00,Random Forest,87.87
38,499,787,2025-01-01,Seating,4143,1553625.00,Linear Regression,96.46
39,420,879,2024-04-01,Accessories,1171,432099.00,ARIMA,70.38
40,183,711,2025-01-01,Accessories,289,111554.00,Copilot Forecast,82.34
41,912,952,2026-11-01,Service Plans,1214,409118.00,ARIMA,67.26
42,578,455,2026-03-01,Parts,1276,192676.00,LSTM,86.72
43,39,443,2025-02-01,Controls,3801,1634430.00,ARIMA,96.25
44,40,58,2024-06-01,Accessories,933,194064.00,Random Forest,69.99
45,614,488,2026-01-01,Lift Chairs,3794,1301342.00,Prophet,75.10
46,703,244,2026-02-01,Accessories,4565,999735.00,Prophet,89.25
47,151,116,2024-10-01,Power Chairs,3145,1358640.00,LSTM,68.86
48,942,428,2025-02-01,Power Chairs,1357,282256.00,ARIMA,95.46
49,669,475,2024-03-01,Controls,4235,1012165.00,Linear Regression,67.18
50,574,332,2024-06-01,Controls,2393,1045741.00,Tableau Forecast,91.18
51,199,155,2026-03-01,Lift Chairs,559,181116.00,ARIMA,97.92
52,55,924,2024-07-01,Batteries,4776,1924728.00,Linear Regression,76.43
53,332,141,2025-06-01,Batteries,4172,1735552.00,Tableau Forecast,76.13
54,908,851,2026-07-01,Batteries,209,70642.00,Tableau Forecast,66.15
55,371,473,2026-05-01,Accessories,2856,599760.00,Tableau Forecast,81.73
56,561,928,2026-05-01,Seating,3894,1452462.00,Linear Regression,60.56
57,326,491,2024-12-01,Controls,2283,760239.00,Tableau Forecast,90.63
58,927,630,2024-07-01,Seating,757,145344.00,Tableau Forecast,97.66
59,409,535,2024-09-01,Power Chairs,2559,509241.00,XGBoost,80.25
60,775,387,2024-07-01,Batteries,633,284217.00,Prophet,77.28
61,77,661,2024-06-01,Seating,1654,615288.00,Copilot Forecast,61.31
62,528,11,2025-12-01,Accessories,3308,1313276.00,Prophet,87.25
63,484,993,2026-07-01,Service Plans,3146,868296.00,LSTM,85.12
64,196,920,2024-08-01,Scooters,4822,1870936.00,XGBoost,90.06
65,244,383,2025-03-01,Batteries,4610,1401440.00,Prophet,93.12
66,88,632,2024-02-01,Seating,4775,2048475.00,Linear Regression,81.97
67,483,2,2026-08-01,Seating,72,12960.00,Copilot Forecast,79.19
68,492,479,2024-06-01,Scooters,1447,202580.00,ARIMA,78.62
69,231,435,2025-01-01,Seating,2384,560240.00,LSTM,88.91
70,664,934,2026-07-01,Batteries,3761,740917.00,Copilot Forecast,63.29
71,36,949,2024-06-01,Service Plans,601,99766.00,ARIMA,62.02
72,569,755,2025-01-01,Parts,919,343706.00,ARIMA,88.70
73,357,682,2024-06-01,Batteries,443,86828.00,Tableau Forecast,66.46
74,84,13,2026-04-01,Lift Chairs,1488,202368.00,Tableau Forecast,74.40
75,664,472,2026-10-01,Parts,3927,1009239.00,Random Forest,94.29
76,767,317,2025-06-01,Batteries,4924,1728324.00,XGBoost,73.69
77,58,289,2025-11-01,Scooters,2162,441048.00,Copilot Forecast,71.23
78,299,41,2025-12-01,Parts,1780,614100.00,Prophet,95.57
79,786,236,2024-04-01,Controls,3806,1647998.00,Copilot Forecast,91.45
80,459,389,2025-12-01,Seating,4747,2045957.00,Prophet,89.37
81,352,509,2025-01-01,Scooters,4393,1243219.00,Tableau Forecast,71.90
82,306,631,2026-01-01,Ramps,3025,1167650.00,Prophet,70.86
83,60,217,2026-10-01,Parts,335,128305.00,Copilot Forecast,66.75
84,262,272,2026-01-01,Parts,2962,1027814.00,ARIMA,82.32
85,188,265,2026-09-01,Parts,3627,823329.00,Random Forest,72.53
86,100,923,2025-12-01,Scooters,4892,856100.00,Prophet,87.31
87,820,710,2024-12-01,Scooters,4294,1331140.00,Linear Regression,76.21
88,611,228,2025-09-01,Lift Chairs,4587,1302708.00,Prophet,69.59
89,682,215,2026-07-01,Power Chairs,1014,381264.00,Tableau Forecast,88.57
90,9,899,2024-11-01,Power Chairs,2302,902384.00,XGBoost,65.84
91,631,992,2025-05-01,Controls,1318,391446.00,XGBoost,60.34
92,843,589,2025-05-01,Seating,4528,919184.00,Tableau Forecast,96.39
93,875,777,2026-02-01,Batteries,1204,183008.00,Tableau Forecast,98.38
94,458,313,2025-10-01,Ramps,4472,1176136.00,ARIMA,71.64
95,494,739,2026-04-01,Seating,3782,654286.00,Linear Regression,86.95
96,81,470,2024-02-01,Lift Chairs,2198,747320.00,Tableau Forecast,73.27
97,637,853,2024-05-01,Lift Chairs,2869,553717.00,Copilot Forecast,77.62
98,665,634,2025-10-01,Controls,4174,1606990.00,Tableau Forecast,97.16
99,526,265,2025-05-01,Controls,2333,671904.00,Linear Regression,98.18
100,941,626,2024-05-01,Lift Chairs,84,15036.00,Random Forest,76.43
101,446,187,2024-12-01,Controls,2739,1172292.00,LSTM,86.21
102,258,386,2024-12-01,Accessories,4813,1087738.00,ARIMA,64.38
103,491,619,2025-09-01,Accessories,2395,646650.00,Copilot Forecast,88.39
104,944,909,2026-06-01,Scooters,3385,609300.00,LSTM,76.18
105,889,918,2025-03-01,Power Chairs,1133,274186.00,Tableau Forecast,61.11
106,31,888,2025-06-01,Parts,2117,815045.00,Random Forest,64.03
107,651,946,2024-03-01,Batteries,1119,391650.00,Random Forest,69.80
108,70,550,2024-08-01,Ramps,1493,553903.00,XGBoost,71.23
109,883,65,2025-06-01,Scooters,3477,751032.00,XGBoost,84.71
110,558,868,2024-09-01,Lift Chairs,167,61957.00,Tableau Forecast,81.31
111,327,714,2024-07-01,Batteries,3459,549981.00,LSTM,84.59
112,386,238,2026-06-01,Parts,4257,1383525.00,Copilot Forecast,72.88
113,170,644,2025-02-01,Seating,4333,580622.00,XGBoost,73.37
114,391,444,2024-03-01,Service Plans,4336,1717056.00,ARIMA,96.00
115,604,945,2025-10-01,Service Plans,2282,727958.00,Linear Regression,66.94
116,460,905,2026-03-01,Power Chairs,4413,1173858.00,LSTM,66.09
117,835,632,2024-02-01,Seating,1854,380070.00,Tableau Forecast,63.60
118,940,18,2026-03-01,Accessories,1767,355167.00,Copilot Forecast,97.31
119,807,454,2026-07-01,Controls,2450,450800.00,Copilot Forecast,65.38
120,483,148,2026-12-01,Seating,2818,605870.00,Tableau Forecast,89.18
121,7,518,2024-12-01,Controls,2042,400232.00,Tableau Forecast,82.16
122,417,187,2025-08-01,Seating,705,86715.00,Random Forest,92.54
123,722,378,2025-11-01,Controls,2892,1286940.00,Random Forest,73.51
124,880,824,2025-03-01,Controls,1630,303180.00,Tableau Forecast,85.45
125,219,348,2024-01-01,Seating,2136,617304.00,LSTM,87.88
126,795,474,2025-04-01,Accessories,548,100832.00,XGBoost,66.72
127,727,168,2025-08-01,Batteries,235,65565.00,ARIMA,90.15
128,298,931,2024-06-01,Ramps,2853,833076.00,Random Forest,98.75
129,107,107,2025-08-01,Ramps,366,98820.00,Tableau Forecast,98.36
130,432,653,2026-02-01,Batteries,2996,1252328.00,Copilot Forecast,94.34
131,862,806,2025-04-01,Parts,4372,1399040.00,Copilot Forecast,84.04
132,765,688,2025-05-01,Ramps,4268,1088340.00,Tableau Forecast,89.47
133,869,73,2024-03-01,Lift Chairs,1510,662890.00,Linear Regression,81.50
134,941,707,2025-06-01,Controls,4429,1585582.00,ARIMA,60.42
135,269,963,2025-03-01,Parts,2009,871906.00,Linear Regression,97.88
136,423,25,2025-05-01,Seating,310,114390.00,LSTM,68.15
137,881,979,2024-03-01,Accessories,436,102460.00,ARIMA,87.41
138,94,888,2024-12-01,Ramps,4183,1568625.00,XGBoost,81.50
139,640,55,2024-06-01,Parts,3525,1413525.00,Prophet,61.51
140,839,224,2026-01-01,Accessories,1008,309456.00,Tableau Forecast,71.07
141,22,133,2024-06-01,Controls,3357,1188378.00,Tableau Forecast,66.55
142,375,623,2025-02-01,Ramps,2661,838215.00,LSTM,78.28
143,984,507,2026-11-01,Parts,2473,741900.00,LSTM,84.16
144,332,919,2025-06-01,Accessories,258,76110.00,Copilot Forecast,65.29
145,118,308,2026-11-01,Seating,729,252234.00,LSTM,94.58
146,640,354,2025-02-01,Lift Chairs,4630,1083420.00,LSTM,65.17
147,966,465,2026-06-01,Seating,1224,184824.00,XGBoost,90.61
148,895,69,2024-07-01,Service Plans,2616,442104.00,XGBoost,63.65
149,328,153,2025-08-01,Power Chairs,2469,669099.00,Random Forest,61.59
150,395,784,2026-03-01,Service Plans,3929,1736618.00,Linear Regression,78.30
151,308,974,2024-09-01,Power Chairs,4530,869760.00,Random Forest,92.49
152,741,960,2025-11-01,Scooters,2032,422656.00,XGBoost,89.14
153,597,206,2025-05-01,Ramps,128,26624.00,Random Forest,71.44
154,181,817,2024-10-01,Scooters,2102,348932.00,ARIMA,74.29
155,586,325,2026-03-01,Service Plans,2946,1072344.00,ARIMA,87.94
156,140,820,2025-08-01,Accessories,2121,349965.00,XGBoost,72.83
157,922,609,2025-01-01,Scooters,757,305071.00,Prophet,68.06
158,821,515,2025-12-01,Parts,1960,497840.00,Tableau Forecast,62.71
159,914,473,2024-10-01,Ramps,3592,754320.00,Copilot Forecast,63.44
160,119,787,2025-04-01,Scooters,2428,449180.00,XGBoost,61.02
161,515,86,2024-10-01,Accessories,757,169568.00,ARIMA,63.64
162,167,633,2026-05-01,Seating,4641,635817.00,ARIMA,81.96
163,389,694,2026-09-01,Ramps,625,260000.00,Linear Regression,91.98
164,111,693,2024-04-01,Service Plans,1008,416304.00,ARIMA,80.27
165,329,402,2024-11-01,Seating,1827,398286.00,Random Forest,63.72
166,409,501,2024-04-01,Power Chairs,3581,1575640.00,Linear Regression,98.47
167,88,12,2026-12-01,Accessories,616,226072.00,Prophet,84.43
168,329,833,2026-08-01,Power Chairs,2430,335340.00,Prophet,69.45
169,279,976,2024-03-01,Batteries,237,58539.00,LSTM,76.98
170,487,789,2025-02-01,Ramps,2147,826595.00,LSTM,62.29
171,770,721,2026-08-01,Lift Chairs,3767,1118799.00,LSTM,87.95
172,78,846,2026-08-01,Ramps,1295,304325.00,Random Forest,64.65
173,516,746,2024-04-01,Scooters,4125,1848000.00,Prophet,85.77
174,790,911,2026-12-01,Controls,499,140219.00,ARIMA,97.69
175,62,435,2026-10-01,Ramps,3155,709875.00,Tableau Forecast,60.90
176,936,612,2025-10-01,Ramps,2351,766426.00,Copilot Forecast,87.11
177,224,707,2024-12-01,Controls,1171,288066.00,ARIMA,61.16
178,839,10,2024-12-01,Power Chairs,2657,1028259.00,Tableau Forecast,94.23
179,431,203,2024-05-01,Accessories,447,181482.00,XGBoost,68.54
180,911,548,2024-01-01,Controls,3377,986084.00,Linear Regression,71.27
181,198,639,2026-09-01,Lift Chairs,4360,1752720.00,Random Forest,78.49
182,505,191,2026-12-01,Lift Chairs,92,38180.00,LSTM,96.08
183,969,346,2026-03-01,Batteries,3112,1247912.00,LSTM,72.50
184,978,431,2024-04-01,Power Chairs,986,408204.00,Random Forest,96.31
185,508,556,2026-03-01,Seating,1976,669864.00,Random Forest,81.64
186,862,651,2025-04-01,Accessories,3297,1345176.00,XGBoost,97.64
187,712,242,2026-01-01,Ramps,316,79632.00,Linear Regression,77.34
188,921,819,2026-05-01,Batteries,3435,1150725.00,Copilot Forecast,89.15
189,237,503,2026-05-01,Scooters,854,274134.00,XGBoost,61.52
190,354,912,2024-02-01,Lift Chairs,3796,1100840.00,Tableau Forecast,78.99
191,526,310,2024-02-01,Power Chairs,2181,660843.00,Prophet,64.38
192,450,183,2025-05-01,Seating,701,216609.00,Prophet,87.92
193,75,425,2026-04-01,Seating,3156,489180.00,Copilot Forecast,64.67
194,899,385,2025-07-01,Scooters,304,67184.00,Prophet,80.40
195,350,348,2024-07-01,Batteries,231,66990.00,Copilot Forecast,98.37
196,994,253,2025-03-01,Ramps,3312,1245312.00,Linear Regression,96.53
197,274,827,2024-08-01,Power Chairs,3753,619245.00,Random Forest,71.46
198,347,868,2026-05-01,Service Plans,2628,691164.00,LSTM,86.65
199,8,872,2025-01-01,Scooters,122,29036.00,Prophet,83.74
200,509,795,2025-11-01,Lift Chairs,1177,231869.00,Random Forest,98.26
201,704,129,2025-10-01,Scooters,3913,1001728.00,Tableau Forecast,89.38
202,548,377,2024-07-01,Power Chairs,4394,1045772.00,LSTM,93.09
203,199,265,2026-08-01,Power Chairs,225,94275.00,Prophet,76.05
204,72,194,2025-01-01,Ramps,4503,801534.00,Linear Regression,93.82
205,644,258,2024-04-01,Seating,2303,898170.00,Linear Regression,67.46
206,16,708,2026-08-01,Ramps,3846,526902.00,XGBoost,92.01
207,898,727,2026-06-01,Scooters,4771,1388361.00,Linear Regression,92.05
208,628,767,2026-06-01,Ramps,2139,566835.00,Copilot Forecast,82.76
209,863,713,2025-03-01,Parts,742,269346.00,Copilot Forecast,65.15
210,991,13,2025-03-01,Scooters,4150,510450.00,Copilot Forecast,98.19
211,210,278,2026-12-01,Batteries,597,207756.00,Tableau Forecast,82.91
212,189,240,2025-12-01,Parts,2662,1115378.00,Prophet,92.24
213,844,167,2026-04-01,Ramps,4562,1076632.00,Linear Regression,95.92
214,704,979,2026-10-01,Power Chairs,4034,669644.00,ARIMA,63.57
215,129,700,2024-08-01,Service Plans,4606,792232.00,Linear Regression,85.13
216,756,757,2025-08-01,Accessories,3368,532144.00,ARIMA,93.83
217,93,716,2026-05-01,Batteries,4632,1222848.00,XGBoost,84.71
218,793,154,2026-04-01,Seating,2617,782483.00,Random Forest,85.28
219,731,368,2025-03-01,Ramps,4431,1599591.00,Tableau Forecast,82.66
220,941,142,2026-02-01,Ramps,1754,252576.00,LSTM,74.95
221,848,85,2026-08-01,Parts,3919,662311.00,XGBoost,94.90
222,983,39,2026-02-01,Seating,4348,1560932.00,Linear Regression,62.88
223,124,119,2026-01-01,Ramps,4044,1678260.00,Prophet,63.00
224,730,666,2025-05-01,Scooters,2135,672525.00,Prophet,99.47
225,469,372,2026-04-01,Batteries,544,225760.00,XGBoost,88.89
226,940,560,2025-08-01,Parts,1793,688512.00,XGBoost,69.53
227,573,691,2026-11-01,Controls,4005,1077345.00,Tableau Forecast,60.19
228,648,151,2025-09-01,Parts,4641,840021.00,Random Forest,66.82
229,849,32,2024-03-01,Seating,758,306232.00,XGBoost,89.82
230,62,630,2025-08-01,Ramps,4733,1983127.00,Copilot Forecast,76.27
231,370,933,2024-03-01,Accessories,4483,1524220.00,Random Forest,92.74
232,420,315,2026-06-01,Ramps,3813,579576.00,XGBoost,98.52
233,700,763,2026-01-01,Controls,163,35208.00,ARIMA,92.86
234,48,831,2026-10-01,Accessories,223,77604.00,Tableau Forecast,80.55
235,942,731,2024-09-01,Ramps,4245,1413585.00,Random Forest,66.49
236,988,911,2025-12-01,Seating,337,138844.00,Random Forest,70.78
237,504,740,2025-10-01,Batteries,1316,450072.00,Tableau Forecast,94.18
238,61,873,2026-03-01,Controls,3407,1011879.00,Linear Regression,86.59
239,453,137,2025-06-01,Ramps,3285,926370.00,Tableau Forecast,75.61
240,523,165,2026-05-01,Seating,785,334410.00,Prophet,77.65
241,592,359,2026-05-01,Power Chairs,4132,1504048.00,ARIMA,67.66
242,191,448,2025-03-01,Lift Chairs,1271,191921.00,Copilot Forecast,84.15
243,866,762,2024-01-01,Ramps,1825,335800.00,Linear Regression,73.64
244,11,627,2025-08-01,Power Chairs,1874,455382.00,Tableau Forecast,89.76
245,344,89,2025-01-01,Ramps,3171,748356.00,LSTM,65.79
246,763,491,2024-05-01,Parts,3859,1250316.00,Prophet,64.94
247,779,649,2026-09-01,Service Plans,1689,618174.00,ARIMA,62.44
248,615,954,2025-04-01,Accessories,3322,1089616.00,Random Forest,65.37
249,133,154,2025-04-01,Seating,1828,460656.00,LSTM,87.54
250,144,917,2024-09-01,Accessories,1941,694878.00,Tableau Forecast,86.63
251,105,37,2024-06-01,Accessories,4799,1084574.00,Random Forest,88.34
252,557,710,2026-12-01,Service Plans,485,59655.00,Linear Regression,65.63
253,761,457,2024-05-01,Power Chairs,328,73472.00,Linear Regression,67.80
254,642,551,2024-04-01,Seating,1064,471352.00,Random Forest,81.07
255,369,662,2025-07-01,Controls,725,134125.00,ARIMA,70.64
256,537,821,2024-08-01,Parts,877,370971.00,Prophet,78.86
257,17,916,2025-10-01,Ramps,3209,1270764.00,Linear Regression,74.60
258,746,852,2026-06-01,Lift Chairs,2566,703084.00,Prophet,74.52
259,475,636,2026-12-01,Lift Chairs,4468,1041044.00,Copilot Forecast,71.43
260,844,462,2025-04-01,Accessories,1241,548522.00,Copilot Forecast,80.63
261,744,985,2025-10-01,Lift Chairs,1722,437388.00,Random Forest,85.11
262,468,629,2026-01-01,Service Plans,1860,796080.00,Tableau Forecast,96.09
263,694,217,2026-11-01,Scooters,4292,991452.00,LSTM,60.90
264,384,776,2024-02-01,Service Plans,4914,1872234.00,Copilot Forecast,98.08
265,340,12,2025-02-01,Ramps,294,54390.00,Copilot Forecast,77.16
266,654,688,2026-11-01,Power Chairs,4342,1419834.00,Copilot Forecast,85.53
267,483,96,2024-05-01,Batteries,4098,1364634.00,Copilot Forecast,69.74
268,92,912,2026-10-01,Power Chairs,2985,1298475.00,Random Forest,80.85
269,391,173,2024-05-01,Lift Chairs,1251,450360.00,Prophet,72.85
270,303,211,2026-07-01,Service Plans,2032,703072.00,Copilot Forecast,69.00
271,296,8,2026-05-01,Accessories,2809,1193825.00,LSTM,72.66
272,446,798,2026-05-01,Parts,3447,1051335.00,Random Forest,62.94
273,33,55,2024-09-01,Lift Chairs,4068,939708.00,Prophet,60.62
274,390,688,2024-12-01,Ramps,3881,869344.00,Random Forest,86.97
275,210,738,2024-06-01,Lift Chairs,3249,1156644.00,XGBoost,97.41
276,275,578,2024-05-01,Accessories,4186,1469286.00,Prophet,76.83
277,127,35,2025-01-01,Service Plans,836,348612.00,ARIMA,71.94
278,766,453,2026-07-01,Accessories,3296,431776.00,XGBoost,76.33
279,644,708,2025-08-01,Accessories,4618,1902616.00,Tableau Forecast,80.31
280,496,442,2026-06-01,Power Chairs,2338,388108.00,ARIMA,83.68
281,938,961,2025-02-01,Parts,3448,927512.00,Prophet,60.57
282,429,446,2025-08-01,Service Plans,2072,536648.00,Linear Regression,70.07
283,452,787,2025-04-01,Seating,1965,778140.00,ARIMA,89.40
284,967,587,2026-06-01,Power Chairs,1121,421496.00,LSTM,75.37
285,454,556,2025-02-01,Batteries,4581,994077.00,Tableau Forecast,77.48
286,243,456,2026-09-01,Batteries,4471,1685567.00,Random Forest,92.20
287,327,634,2025-01-01,Accessories,3353,1274140.00,ARIMA,75.61
288,246,47,2026-06-01,Seating,523,102508.00,Copilot Forecast,71.08
289,953,228,2026-11-01,Batteries,1404,358020.00,Random Forest,74.15
290,182,115,2026-07-01,Lift Chairs,4923,1417824.00,Prophet,87.10
291,463,66,2025-01-01,Power Chairs,1976,746928.00,ARIMA,68.28
292,438,1,2025-07-01,Batteries,2431,765765.00,ARIMA,68.37
293,471,441,2025-05-01,Service Plans,3665,956565.00,Prophet,85.95
294,182,119,2024-07-01,Parts,714,153510.00,ARIMA,98.91
295,716,321,2024-12-01,Parts,4756,1555212.00,Copilot Forecast,88.05
296,577,925,2026-12-01,Power Chairs,624,278304.00,ARIMA,91.12
297,617,227,2025-02-01,Accessories,2621,1011706.00,Random Forest,74.73
298,103,835,2026-07-01,Accessories,3335,400200.00,LSTM,72.47
299,347,805,2024-01-01,Controls,1420,596400.00,Random Forest,91.20
300,189,877,2024-02-01,Batteries,305,47275.00,LSTM,93.82
301,573,57,2024-09-01,Ramps,808,251288.00,Prophet,83.61
302,195,936,2026-10-01,Ramps,4788,857052.00,LSTM,61.43
303,98,688,2025-06-01,Service Plans,1039,430146.00,Random Forest,92.92
304,84,514,2026-07-01,Ramps,4410,1517040.00,Tableau Forecast,63.03
305,319,625,2024-09-01,Lift Chairs,143,64064.00,Random Forest,87.93
306,503,941,2026-12-01,Scooters,3045,389760.00,Copilot Forecast,63.31
307,77,781,2026-04-01,Accessories,1750,334250.00,Linear Regression,82.77
308,893,965,2024-03-01,Batteries,394,160752.00,ARIMA,86.30
309,508,372,2024-08-01,Seating,648,233928.00,LSTM,75.22
310,8,398,2026-08-01,Ramps,2138,846648.00,Prophet,62.70
311,666,236,2024-07-01,Power Chairs,1125,153000.00,Copilot Forecast,83.38
312,503,690,2025-02-01,Scooters,3567,1005894.00,XGBoost,64.35
313,65,556,2026-07-01,Scooters,443,198907.00,Prophet,86.36
314,865,624,2024-11-01,Accessories,1934,839356.00,Random Forest,62.34
315,788,508,2025-06-01,Service Plans,4831,1835780.00,XGBoost,62.35
316,836,679,2024-04-01,Parts,992,262880.00,Copilot Forecast,81.92
317,903,597,2026-09-01,Ramps,913,118690.00,Prophet,82.54
318,368,32,2025-09-01,Parts,446,119082.00,XGBoost,63.52
319,7,532,2024-01-01,Scooters,1828,614208.00,Copilot Forecast,91.05
320,260,262,2024-12-01,Ramps,4611,580986.00,ARIMA,94.62
321,263,40,2026-02-01,Seating,4142,712424.00,Random Forest,70.79
322,580,897,2026-06-01,Parts,2209,580967.00,ARIMA,92.40
323,36,424,2024-10-01,Lift Chairs,2773,1042648.00,Tableau Forecast,70.36
324,226,701,2025-07-01,Service Plans,4917,1991385.00,LSTM,82.57
325,623,281,2024-08-01,Scooters,2162,415104.00,Linear Regression,65.65
326,636,368,2026-11-01,Controls,181,48508.00,Tableau Forecast,95.85
327,547,295,2024-06-01,Controls,1610,710010.00,Copilot Forecast,89.73
328,200,46,2026-02-01,Scooters,4969,1470824.00,Copilot Forecast,97.06
329,646,411,2025-08-01,Scooters,1188,460944.00,Tableau Forecast,99.07
330,328,597,2026-12-01,Power Chairs,3124,1202740.00,XGBoost,98.16
331,826,457,2026-07-01,Ramps,1110,478410.00,Prophet,64.78
332,409,446,2025-07-01,Power Chairs,1173,464508.00,Random Forest,72.18
333,898,562,2026-03-01,Service Plans,2262,732888.00,Copilot Forecast,79.08
334,388,162,2024-02-01,Controls,3292,1017228.00,Tableau Forecast,92.45
335,919,373,2025-01-01,Controls,1345,204440.00,XGBoost,68.15
336,281,184,2026-03-01,Accessories,2690,524550.00,LSTM,65.98
337,534,329,2026-07-01,Seating,327,39240.00,Linear Regression,83.71
338,371,979,2024-08-01,Power Chairs,1522,266350.00,LSTM,90.52
339,339,204,2024-11-01,Scooters,2998,707528.00,Random Forest,88.40
340,18,338,2026-05-01,Service Plans,3093,1023783.00,Random Forest,71.38
341,744,736,2024-04-01,Scooters,1274,234416.00,ARIMA,83.88
342,911,763,2024-10-01,Accessories,2268,571536.00,Prophet,91.32
343,883,32,2025-12-01,Seating,665,174895.00,Tableau Forecast,80.22
344,477,897,2025-12-01,Controls,1662,739590.00,XGBoost,87.22
345,951,118,2025-01-01,Ramps,1267,214123.00,XGBoost,69.01
346,83,515,2024-08-01,Scooters,4685,1799040.00,ARIMA,97.92
347,883,319,2026-10-01,Lift Chairs,3186,627642.00,Copilot Forecast,73.58
348,696,341,2025-09-01,Parts,3615,835065.00,Tableau Forecast,77.84
349,219,786,2025-06-01,Batteries,1094,364302.00,XGBoost,67.72
350,319,303,2025-11-01,Lift Chairs,1271,357151.00,XGBoost,85.26
351,921,478,2024-06-01,Seating,1006,154924.00,XGBoost,81.86
352,345,375,2025-01-01,Accessories,2094,519312.00,XGBoost,80.18
353,452,407,2025-03-01,Controls,108,27432.00,Copilot Forecast,75.00
354,132,554,2025-12-01,Seating,412,161504.00,Tableau Forecast,71.82
355,81,741,2026-12-01,Lift Chairs,4150,1444200.00,ARIMA,84.72
356,734,934,2025-04-01,Ramps,641,147430.00,LSTM,83.87
357,132,98,2024-06-01,Power Chairs,1166,375452.00,Tableau Forecast,93.24
358,226,4,2026-02-01,Scooters,2154,547116.00,ARIMA,91.81
359,146,606,2024-05-01,Service Plans,2394,722988.00,Copilot Forecast,96.79
360,278,954,2025-12-01,Accessories,3829,1068291.00,Random Forest,62.73
361,700,872,2026-08-01,Parts,842,153244.00,Random Forest,68.97
362,169,638,2024-05-01,Ramps,4806,1682100.00,Tableau Forecast,61.13
363,310,232,2024-01-01,Batteries,1737,771228.00,Linear Regression,83.69
364,834,565,2025-06-01,Ramps,4496,1357792.00,Prophet,88.98
365,525,414,2026-09-01,Power Chairs,806,292578.00,XGBoost,64.57
366,622,262,2026-10-01,Accessories,1307,490125.00,Tableau Forecast,77.27
367,925,296,2024-09-01,Service Plans,1095,406245.00,ARIMA,97.63
368,172,191,2024-04-01,Accessories,1012,204424.00,LSTM,70.43
369,462,212,2024-08-01,Scooters,162,43416.00,Linear Regression,88.91
370,569,475,2026-09-01,Batteries,1838,591836.00,Tableau Forecast,78.63
371,19,227,2025-05-01,Ramps,102,36210.00,Copilot Forecast,76.24
372,689,991,2025-07-01,Controls,152,18392.00,Copilot Forecast,98.01
373,124,887,2024-03-01,Lift Chairs,4552,905848.00,XGBoost,64.78
374,169,493,2024-09-01,Seating,3452,1363540.00,Linear Regression,90.12
375,614,211,2024-07-01,Accessories,2191,503930.00,ARIMA,95.80
376,584,171,2026-06-01,Power Chairs,4852,1649680.00,Copilot Forecast,75.84
377,361,238,2025-01-01,Scooters,2287,910226.00,XGBoost,67.99
378,534,831,2026-05-01,Batteries,1734,509796.00,Prophet,64.44
379,360,101,2026-11-01,Lift Chairs,2583,880803.00,Linear Regression,67.16
380,571,699,2024-07-01,Scooters,1975,709025.00,Tableau Forecast,89.91
381,809,386,2024-05-01,Batteries,4630,1088050.00,Prophet,63.28
382,359,948,2025-12-01,Parts,2819,1172704.00,LSTM,82.62
383,253,512,2025-03-01,Service Plans,650,284700.00,Random Forest,96.40
384,345,591,2024-07-01,Controls,1634,524514.00,XGBoost,79.31
385,488,500,2025-07-01,Parts,4307,1602204.00,Random Forest,74.25
386,854,795,2026-07-01,Batteries,639,144414.00,Prophet,79.18
387,226,794,2026-02-01,Seating,4840,1437480.00,ARIMA,97.92
388,443,806,2026-09-01,Controls,2489,525179.00,XGBoost,67.58
389,870,416,2026-10-01,Scooters,156,57720.00,LSTM,94.20
390,230,625,2024-02-01,Scooters,664,106904.00,LSTM,72.16
391,768,204,2024-05-01,Ramps,2368,504384.00,Linear Regression,79.73
392,619,14,2024-02-01,Scooters,2192,918448.00,ARIMA,94.13
393,796,839,2026-07-01,Batteries,846,267336.00,Tableau Forecast,87.81
394,979,92,2024-05-01,Parts,4988,2055056.00,Tableau Forecast,68.85
395,628,962,2026-01-01,Service Plans,3174,1117248.00,Copilot Forecast,78.24
396,38,599,2024-07-01,Ramps,3753,795636.00,Prophet,61.78
397,443,313,2024-04-01,Accessories,3802,806024.00,XGBoost,62.26
398,450,163,2026-07-01,Batteries,4699,1921891.00,LSTM,84.51
399,937,699,2025-02-01,Controls,3032,924760.00,Random Forest,66.20
400,119,698,2025-08-01,Parts,108,19440.00,Linear Regression,86.77
401,641,828,2024-08-01,Lift Chairs,4138,931050.00,Copilot Forecast,60.18
402,417,521,2026-07-01,Seating,4211,1238034.00,Copilot Forecast,89.80
403,486,206,2024-09-01,Parts,2860,1226940.00,Copilot Forecast,98.96
404,972,714,2025-10-01,Accessories,2453,559284.00,Copilot Forecast,70.82
405,206,154,2025-01-01,Controls,1428,449820.00,Copilot Forecast,93.17
406,404,828,2026-07-01,Batteries,2922,1238928.00,LSTM,80.47
407,634,266,2026-12-01,Service Plans,3222,1021374.00,Linear Regression,98.41
408,863,644,2026-02-01,Accessories,2907,875007.00,Linear Regression,93.72
409,133,260,2025-06-01,Power Chairs,345,153870.00,LSTM,69.53
410,573,743,2025-03-01,Batteries,4969,606218.00,Copilot Forecast,72.44
411,899,28,2024-11-01,Accessories,2169,629010.00,Tableau Forecast,91.79
412,792,992,2025-05-01,Controls,4588,623968.00,ARIMA,74.80
413,381,948,2026-04-01,Ramps,1677,659061.00,Random Forest,67.37
414,616,389,2026-02-01,Batteries,2078,681584.00,ARIMA,87.52
415,470,215,2025-01-01,Power Chairs,3938,917554.00,Linear Regression,63.45
416,181,831,2024-12-01,Batteries,3214,742434.00,ARIMA,72.41
417,370,529,2024-12-01,Accessories,1206,395568.00,Tableau Forecast,84.95
418,947,405,2025-04-01,Controls,1705,458645.00,Linear Regression,85.58
419,764,39,2025-12-01,Accessories,3278,1117798.00,Random Forest,93.61
420,635,486,2024-08-01,Batteries,1660,683920.00,Prophet,73.26
421,838,836,2024-01-01,Scooters,4765,1262725.00,ARIMA,94.65
422,46,495,2024-03-01,Seating,4057,1391551.00,Prophet,86.94
423,307,531,2026-06-01,Batteries,991,317120.00,Tableau Forecast,78.79
424,202,242,2026-08-01,Power Chairs,1706,656810.00,Copilot Forecast,63.44
425,883,672,2025-04-01,Parts,2683,933684.00,Linear Regression,87.88
426,876,350,2025-09-01,Power Chairs,4883,1108441.00,LSTM,86.41
427,33,191,2026-11-01,Controls,1552,510608.00,ARIMA,88.68
428,775,482,2026-08-01,Power Chairs,2787,950367.00,Tableau Forecast,63.37
429,615,187,2026-09-01,Accessories,1030,207030.00,Copilot Forecast,96.44
430,193,504,2024-10-01,Controls,949,175565.00,Linear Regression,74.37
431,983,689,2026-10-01,Scooters,4317,1174224.00,Random Forest,95.91
432,457,10,2024-08-01,Parts,3418,1285168.00,ARIMA,79.33
433,373,122,2024-01-01,Power Chairs,3363,1506624.00,Copilot Forecast,70.56
434,210,780,2025-01-01,Seating,3777,1473030.00,Linear Regression,77.43
435,825,11,2026-05-01,Accessories,4246,934120.00,Linear Regression,80.44
436,953,887,2025-08-01,Parts,1795,612095.00,Linear Regression,87.26
437,133,491,2024-05-01,Lift Chairs,2198,960526.00,ARIMA,84.27
438,890,839,2024-02-01,Seating,3750,1511250.00,Random Forest,91.28
439,439,505,2025-05-01,Seating,2062,334044.00,LSTM,89.47
440,911,43,2026-05-01,Seating,2188,560128.00,LSTM,99.36
441,191,996,2026-04-01,Power Chairs,246,54612.00,Tableau Forecast,84.74
442,159,434,2025-07-01,Service Plans,91,26845.00,ARIMA,64.91
443,921,134,2025-03-01,Service Plans,1743,242277.00,Copilot Forecast,75.05
444,933,252,2024-01-01,Parts,4968,1013472.00,Copilot Forecast,73.93
445,612,659,2024-04-01,Service Plans,290,100050.00,Prophet,91.73
446,214,947,2025-01-01,Lift Chairs,1524,544068.00,ARIMA,64.64
447,96,572,2026-10-01,Parts,2976,684480.00,ARIMA,60.87
448,144,717,2024-04-01,Power Chairs,692,271264.00,Copilot Forecast,96.86
449,896,128,2024-01-01,Power Chairs,2515,980850.00,Random Forest,95.95
450,295,726,2024-06-01,Controls,2485,971635.00,Random Forest,96.15
451,458,907,2025-08-01,Accessories,4026,1719102.00,XGBoost,70.70
452,539,850,2026-06-01,Scooters,2732,658412.00,LSTM,93.89
453,881,695,2026-03-01,Accessories,4031,782014.00,XGBoost,77.25
454,889,980,2025-03-01,Scooters,4857,1461957.00,LSTM,67.29
455,793,541,2025-06-01,Seating,3875,1294250.00,Prophet,73.29
456,55,960,2025-10-01,Seating,386,94184.00,Prophet,82.72
457,269,760,2026-12-01,Seating,2739,753225.00,Tableau Forecast,75.31
458,525,568,2026-06-01,Batteries,172,46440.00,Prophet,94.95
459,586,140,2025-12-01,Batteries,299,113919.00,Linear Regression,76.09
460,28,455,2025-01-01,Ramps,1994,578260.00,LSTM,73.69
461,882,341,2025-10-01,Seating,1773,546084.00,Prophet,93.92
462,458,450,2026-12-01,Parts,1148,227304.00,Linear Regression,77.66
463,279,382,2025-11-01,Service Plans,4118,1531896.00,XGBoost,74.61
464,527,459,2026-02-01,Lift Chairs,1083,250173.00,Linear Regression,89.10
465,631,40,2024-08-01,Power Chairs,4933,1775880.00,Tableau Forecast,62.45
466,292,561,2025-06-01,Batteries,3033,1295091.00,Copilot Forecast,78.24
467,437,136,2025-12-01,Accessories,914,313502.00,LSTM,91.13
468,338,373,2026-08-01,Service Plans,1011,200178.00,Random Forest,73.57
469,458,270,2024-03-01,Service Plans,3739,1271260.00,ARIMA,74.84
470,152,696,2024-03-01,Controls,1303,483413.00,Copilot Forecast,74.24
471,711,643,2024-05-01,Accessories,3063,542151.00,Linear Regression,64.08
472,290,984,2026-01-01,Parts,507,148551.00,LSTM,81.95
473,987,345,2025-06-01,Parts,2963,1297794.00,Copilot Forecast,91.66
474,209,382,2024-07-01,Controls,4623,1058667.00,Copilot Forecast,76.38
475,309,823,2024-09-01,Service Plans,2967,364941.00,Prophet,61.18
476,206,82,2025-12-01,Controls,466,125820.00,Prophet,74.64
477,329,785,2025-11-01,Lift Chairs,3912,1588272.00,Prophet,84.72
478,229,401,2026-08-01,Seating,4826,1148588.00,Copilot Forecast,95.04
479,685,697,2026-11-01,Ramps,2037,315735.00,ARIMA,80.68
480,662,696,2026-09-01,Power Chairs,4525,1352975.00,Prophet,61.32
481,81,96,2025-09-01,Scooters,1663,706775.00,LSTM,93.23
482,292,50,2024-01-01,Power Chairs,1375,449625.00,Random Forest,87.10
483,444,249,2026-04-01,Controls,1828,753136.00,ARIMA,67.31
484,574,652,2024-11-01,Controls,1984,789632.00,XGBoost,97.27
485,217,541,2024-09-01,Batteries,4410,1913940.00,Linear Regression,97.63
486,792,464,2025-09-01,Ramps,863,285653.00,Copilot Forecast,69.81
487,239,307,2025-03-01,Seating,114,45372.00,Prophet,67.33
488,300,493,2024-12-01,Batteries,3365,1150830.00,XGBoost,88.75
489,264,475,2025-05-01,Seating,2301,310635.00,Random Forest,90.28
490,417,246,2024-08-01,Controls,4959,1695978.00,LSTM,80.47
491,455,845,2026-12-01,Batteries,4552,1647824.00,Linear Regression,84.07
492,457,680,2024-05-01,Scooters,3229,1256081.00,Linear Regression,96.82
493,632,721,2025-07-01,Parts,1829,751719.00,Random Forest,63.63
494,319,670,2025-06-01,Lift Chairs,3631,1183706.00,Random Forest,84.29
495,778,12,2024-03-01,Seating,3153,1317954.00,Copilot Forecast,70.60
496,684,828,2026-07-01,Seating,3248,1084832.00,Prophet,97.87
497,860,143,2024-11-01,Service Plans,4455,948915.00,XGBoost,69.60
498,393,574,2026-11-01,Controls,1167,298752.00,XGBoost,67.34
499,236,498,2024-04-01,Seating,3881,877106.00,Linear Regression,62.10
500,528,424,2025-11-01,Controls,576,129024.00,Linear Regression,87.92
501,251,53,2026-06-01,Batteries,4111,1545736.00,LSTM,72.95
502,679,409,2025-11-01,Parts,2716,950600.00,Tableau Forecast,79.85
503,908,362,2026-11-01,Parts,67,9849.00,Prophet,93.56
504,268,655,2024-07-01,Batteries,3973,1338901.00,Linear Regression,68.49
505,38,377,2025-04-01,Ramps,1406,504754.00,Prophet,70.09
506,819,260,2025-06-01,Lift Chairs,1630,404240.00,ARIMA,62.43
507,454,257,2024-02-01,Controls,4228,1437520.00,Prophet,94.19
508,85,647,2024-01-01,Service Plans,2094,598884.00,Prophet,82.58
509,419,384,2026-06-01,Scooters,227,66738.00,Random Forest,68.84
510,90,641,2026-06-01,Batteries,456,181488.00,Random Forest,96.04
511,889,952,2024-12-01,Controls,4659,1751784.00,Copilot Forecast,76.22
512,709,734,2024-03-01,Power Chairs,4063,1714586.00,Linear Regression,65.09
513,412,42,2024-09-01,Seating,834,100080.00,Prophet,89.10
514,155,130,2025-01-01,Service Plans,362,110772.00,Prophet,80.89
515,852,786,2025-08-01,Ramps,2470,1029990.00,LSTM,84.42
516,20,721,2024-06-01,Lift Chairs,1137,411594.00,LSTM,84.35
517,221,325,2025-02-01,Seating,976,261568.00,Random Forest,61.77
518,750,919,2024-11-01,Parts,4014,1465110.00,Prophet,68.72
519,770,157,2025-02-01,Lift Chairs,138,58512.00,Prophet,75.86
520,823,959,2026-08-01,Accessories,2405,704665.00,Tableau Forecast,64.35
521,291,252,2025-04-01,Scooters,1319,187298.00,XGBoost,77.52
522,436,422,2024-02-01,Parts,1521,503451.00,Copilot Forecast,93.81
523,89,927,2024-04-01,Ramps,1698,551850.00,LSTM,73.42
524,465,334,2024-07-01,Parts,1242,308016.00,LSTM,65.92
525,415,645,2025-03-01,Controls,493,119799.00,ARIMA,65.69
526,8,911,2026-06-01,Parts,973,119679.00,Copilot Forecast,81.72
527,327,474,2024-07-01,Scooters,4793,579953.00,Prophet,98.37
528,870,393,2024-12-01,Controls,4330,718780.00,Random Forest,92.00
529,823,236,2024-06-01,Accessories,1587,657018.00,ARIMA,84.87
530,752,597,2025-05-01,Parts,4389,1158696.00,Prophet,94.40
531,918,453,2025-06-01,Service Plans,3925,580900.00,Linear Regression,67.44
532,33,152,2024-12-01,Batteries,4375,1032500.00,XGBoost,75.64
533,644,952,2025-07-01,Parts,4378,1273998.00,Prophet,82.65
534,71,877,2024-12-01,Scooters,332,91300.00,LSTM,88.05
535,101,52,2026-09-01,Service Plans,318,89358.00,Random Forest,67.52
536,427,208,2025-06-01,Accessories,2080,486720.00,ARIMA,72.47
537,477,718,2026-06-01,Power Chairs,2529,553851.00,ARIMA,82.82
538,790,270,2026-05-01,Accessories,1029,336483.00,Tableau Forecast,96.70
539,806,474,2024-11-01,Power Chairs,1251,211419.00,Linear Regression,77.41
540,174,566,2024-03-01,Accessories,2843,1245234.00,Random Forest,96.36
541,460,658,2026-10-01,Seating,3905,652135.00,LSTM,75.04
542,456,384,2024-08-01,Power Chairs,3151,1351779.00,LSTM,83.87
543,245,32,2025-12-01,Scooters,1989,811512.00,ARIMA,87.08
544,794,388,2026-06-01,Service Plans,4880,790560.00,Random Forest,69.77
545,217,911,2026-02-01,Ramps,4048,1704208.00,Linear Regression,85.42
546,741,308,2024-09-01,Power Chairs,4982,1250482.00,Copilot Forecast,73.84
547,848,153,2026-11-01,Parts,2474,744674.00,Random Forest,96.79
548,873,964,2025-08-01,Ramps,225,84150.00,LSTM,60.26
549,481,551,2025-07-01,Parts,1523,191898.00,Copilot Forecast,65.81
550,595,678,2026-03-01,Lift Chairs,3737,657712.00,Copilot Forecast,61.03
551,125,575,2024-11-01,Ramps,3187,487611.00,ARIMA,89.21
552,859,4,2024-10-01,Service Plans,1854,635922.00,Prophet,83.29
553,670,479,2026-01-01,Power Chairs,4602,708708.00,ARIMA,94.46
554,541,25,2024-08-01,Parts,3377,695662.00,Tableau Forecast,78.37
555,285,688,2025-08-01,Service Plans,457,74491.00,Tableau Forecast,65.30
556,108,577,2025-09-01,Parts,1110,189810.00,Copilot Forecast,85.58
557,445,29,2026-10-01,Controls,3336,920736.00,Tableau Forecast,67.99
558,713,818,2025-10-01,Service Plans,3015,961785.00,Prophet,99.12
559,887,836,2024-03-01,Scooters,352,105952.00,Random Forest,74.55
560,817,290,2024-12-01,Seating,4710,1672050.00,XGBoost,73.89
561,435,479,2024-08-01,Batteries,2973,517302.00,Copilot Forecast,85.24
562,565,134,2024-06-01,Scooters,4484,811604.00,Tableau Forecast,88.71
563,512,462,2025-09-01,Service Plans,3730,984720.00,Random Forest,74.77
564,315,222,2026-10-01,Seating,2778,1113978.00,Random Forest,74.73
565,770,128,2026-10-01,Lift Chairs,4885,1758600.00,LSTM,65.71
566,714,390,2024-02-01,Batteries,1689,255039.00,Copilot Forecast,85.30
567,115,592,2024-03-01,Scooters,3175,1177925.00,Copilot Forecast,98.01
568,245,695,2026-04-01,Power Chairs,1777,549093.00,Random Forest,84.77
569,222,41,2024-09-01,Parts,3968,1607040.00,Copilot Forecast,80.95
570,238,242,2026-12-01,Parts,3961,1231871.00,LSTM,67.03
571,613,692,2026-03-01,Batteries,486,91854.00,Tableau Forecast,70.02
572,572,162,2026-02-01,Ramps,981,210915.00,Random Forest,71.47
573,585,997,2025-02-01,Lift Chairs,3753,893214.00,XGBoost,65.43
574,472,523,2024-02-01,Ramps,3658,1646100.00,LSTM,95.77
575,703,739,2024-04-01,Controls,4700,1226700.00,LSTM,93.04
576,334,989,2026-11-01,Controls,504,141624.00,Tableau Forecast,88.63
577,209,76,2026-02-01,Lift Chairs,3807,1039311.00,Linear Regression,68.36
578,254,515,2026-06-01,Scooters,1740,520260.00,Prophet,87.25
579,145,922,2025-06-01,Controls,309,129780.00,XGBoost,61.98
580,390,606,2025-09-01,Parts,333,71928.00,Tableau Forecast,85.42
581,205,591,2025-03-01,Scooters,2151,473220.00,Copilot Forecast,81.17
582,323,333,2025-01-01,Power Chairs,4316,1700504.00,Copilot Forecast,82.62
583,938,280,2025-04-01,Batteries,4794,2152506.00,Prophet,62.39
584,150,879,2026-02-01,Controls,178,48594.00,Tableau Forecast,70.29
585,154,118,2024-06-01,Power Chairs,2330,976270.00,Prophet,93.61
586,630,426,2024-09-01,Service Plans,4520,2020440.00,Prophet,68.46
587,379,460,2024-11-01,Parts,4852,1188740.00,Random Forest,80.88
588,92,333,2026-11-01,Controls,685,117135.00,ARIMA,93.78
589,55,659,2025-08-01,Scooters,3076,990472.00,Copilot Forecast,71.31
590,310,853,2026-03-01,Parts,3198,687570.00,LSTM,71.21
591,851,237,2024-01-01,Parts,1507,275781.00,Linear Regression,91.33
592,680,256,2026-12-01,Service Plans,1439,277727.00,Linear Regression,60.16
593,235,283,2024-08-01,Ramps,2066,559886.00,Copilot Forecast,96.07
594,702,51,2026-06-01,Power Chairs,2173,784453.00,Copilot Forecast,62.00
595,53,453,2024-10-01,Service Plans,4354,692286.00,LSTM,64.28
596,266,648,2024-06-01,Scooters,1143,180594.00,XGBoost,60.02
597,110,500,2024-03-01,Parts,2434,1080696.00,Copilot Forecast,62.66
598,260,681,2026-01-01,Scooters,2814,965202.00,LSTM,70.66
599,402,369,2024-04-01,Power Chairs,1664,569088.00,XGBoost,80.46
600,714,778,2026-02-01,Parts,2743,932620.00,Prophet,77.35
601,562,175,2026-02-01,Service Plans,3107,1124734.00,ARIMA,87.80
602,183,175,2024-12-01,Scooters,2540,1074420.00,Prophet,85.40
603,585,597,2024-11-01,Service Plans,2369,476169.00,Linear Regression,79.90
604,770,87,2025-02-01,Accessories,2378,292494.00,LSTM,87.39
605,595,124,2025-10-01,Batteries,4810,1043770.00,XGBoost,76.28
606,841,728,2024-01-01,Power Chairs,1038,210714.00,Prophet,77.78
607,924,519,2024-03-01,Batteries,473,206701.00,Linear Regression,77.22
608,413,373,2026-09-01,Service Plans,4314,1380480.00,Linear Regression,81.48
609,192,963,2026-09-01,Service Plans,1253,447321.00,Prophet,69.77
610,975,105,2025-08-01,Ramps,2728,1173040.00,Linear Regression,97.79
611,931,990,2026-11-01,Parts,4774,873642.00,Random Forest,91.44
612,914,98,2026-02-01,Scooters,4635,616455.00,Random Forest,62.43
613,368,413,2025-03-01,Seating,1833,315276.00,XGBoost,95.04
614,257,957,2024-05-01,Power Chairs,1549,616502.00,XGBoost,65.83
615,179,966,2026-12-01,Ramps,2112,680064.00,Tableau Forecast,92.93
616,143,321,2026-04-01,Accessories,1345,168125.00,Linear Regression,66.28
617,834,459,2026-07-01,Controls,3662,512680.00,Copilot Forecast,61.17
618,957,677,2024-10-01,Service Plans,1671,741924.00,Tableau Forecast,85.27
619,310,54,2025-12-01,Seating,3286,1182960.00,Tableau Forecast,79.23
620,666,347,2024-02-01,Lift Chairs,375,130875.00,Linear Regression,93.29
621,716,37,2024-01-01,Parts,2025,467775.00,Prophet,60.74
622,291,818,2026-10-01,Controls,4089,793266.00,XGBoost,73.61
623,907,67,2024-07-01,Ramps,2887,773716.00,Random Forest,83.44
624,565,327,2025-07-01,Lift Chairs,1966,819822.00,Random Forest,81.94
625,591,196,2024-09-01,Ramps,1436,547116.00,Random Forest,98.32
626,667,437,2026-03-01,Seating,3813,1529013.00,ARIMA,78.89
627,667,898,2026-01-01,Accessories,2296,486752.00,LSTM,95.70
628,534,629,2025-11-01,Service Plans,1942,310720.00,LSTM,82.86
629,608,192,2024-02-01,Scooters,3542,1473472.00,Random Forest,72.59
630,355,8,2025-12-01,Controls,3880,578120.00,ARIMA,79.58
631,941,793,2025-01-01,Batteries,4625,1859250.00,Linear Regression,86.02
632,802,355,2026-10-01,Controls,3322,734162.00,Copilot Forecast,79.93
633,244,560,2026-07-01,Power Chairs,1076,167856.00,LSTM,96.02
634,287,758,2025-02-01,Parts,2157,867114.00,Linear Regression,89.56
635,345,104,2024-06-01,Accessories,4823,1398670.00,Random Forest,87.97
636,302,99,2026-06-01,Service Plans,601,179699.00,Copilot Forecast,68.22
637,27,611,2026-06-01,Ramps,948,161160.00,Tableau Forecast,72.19
638,235,412,2024-11-01,Parts,1937,656643.00,ARIMA,97.24
639,67,504,2025-12-01,Accessories,299,74152.00,Tableau Forecast,94.87
640,138,430,2024-03-01,Controls,1993,504229.00,Tableau Forecast,94.30
641,222,649,2024-12-01,Seating,1677,348816.00,Prophet,65.53
642,836,638,2024-08-01,Service Plans,567,220563.00,Random Forest,73.96
643,899,143,2025-11-01,Scooters,3680,1041440.00,Prophet,95.67
644,434,251,2025-12-01,Controls,2648,1104216.00,Random Forest,62.78
645,108,920,2025-10-01,Power Chairs,1736,420112.00,Copilot Forecast,66.40
646,801,995,2024-01-01,Service Plans,3588,1044108.00,Linear Regression,86.60
647,98,522,2024-01-01,Power Chairs,1974,773808.00,Random Forest,87.85
648,694,39,2025-09-01,Power Chairs,3099,517533.00,XGBoost,62.68
649,25,558,2024-05-01,Scooters,670,166830.00,Tableau Forecast,61.80
650,435,650,2026-05-01,Seating,3512,533824.00,Tableau Forecast,81.05
651,778,66,2026-11-01,Batteries,1619,346466.00,Tableau Forecast,94.04
652,287,193,2024-04-01,Batteries,1101,143130.00,Tableau Forecast,70.10
653,133,107,2026-04-01,Power Chairs,2563,707388.00,Copilot Forecast,74.27
654,2,68,2024-01-01,Power Chairs,2460,792120.00,Linear Regression,64.37
655,342,984,2024-04-01,Controls,2804,860828.00,Linear Regression,65.26
656,696,238,2026-08-01,Service Plans,1252,231620.00,LSTM,76.72
657,501,387,2026-08-01,Scooters,1118,182234.00,Tableau Forecast,88.25
658,754,449,2025-08-01,Parts,3519,1277397.00,Prophet,68.60
659,809,219,2025-08-01,Service Plans,676,125060.00,Prophet,81.05
660,652,820,2026-04-01,Lift Chairs,3789,1701261.00,ARIMA,70.97
661,370,120,2025-04-01,Service Plans,368,95680.00,Linear Regression,72.60
662,828,849,2026-09-01,Scooters,3407,1298067.00,Tableau Forecast,92.72
663,569,921,2024-05-01,Power Chairs,979,386705.00,Tableau Forecast,97.99
664,746,694,2026-11-01,Power Chairs,3349,934371.00,Random Forest,84.74
665,523,340,2024-06-01,Service Plans,4018,1137094.00,Random Forest,95.83
666,678,401,2024-09-01,Lift Chairs,2714,656788.00,ARIMA,74.29
667,786,242,2025-05-01,Service Plans,4972,1078924.00,XGBoost,77.70
668,32,966,2026-10-01,Ramps,2640,654720.00,Random Forest,80.40
669,56,757,2025-08-01,Controls,119,22729.00,Prophet,90.33
670,191,57,2024-08-01,Parts,4628,1212536.00,LSTM,86.96
671,690,328,2025-12-01,Batteries,2807,651224.00,Linear Regression,97.01
672,694,424,2024-08-01,Controls,4278,1809594.00,Tableau Forecast,87.59
673,950,898,2026-09-01,Lift Chairs,4457,1871940.00,XGBoost,98.51
674,799,144,2024-01-01,Power Chairs,367,129551.00,Linear Regression,60.86
675,128,802,2026-05-01,Lift Chairs,4100,631400.00,Linear Regression,75.90
676,551,710,2026-08-01,Power Chairs,3056,1133776.00,Linear Regression,63.74
677,438,419,2024-12-01,Controls,2594,1042788.00,Prophet,80.61
678,130,789,2025-05-01,Batteries,1270,433070.00,Linear Regression,92.54
679,562,425,2025-01-01,Controls,2169,884952.00,Prophet,64.54
680,478,798,2024-02-01,Power Chairs,4163,1486191.00,Random Forest,69.57
681,676,301,2025-08-01,Accessories,435,115710.00,ARIMA,78.31
682,792,543,2024-05-01,Service Plans,3131,1052016.00,Tableau Forecast,85.96
683,655,795,2025-10-01,Power Chairs,540,123660.00,Linear Regression,91.52
684,453,640,2024-09-01,Service Plans,878,313446.00,XGBoost,70.31
685,23,290,2026-03-01,Seating,2373,851907.00,Prophet,64.16
686,524,437,2026-04-01,Batteries,534,89178.00,Random Forest,65.37
687,836,381,2024-05-01,Scooters,2976,934464.00,Prophet,66.56
688,59,23,2025-10-01,Accessories,710,257730.00,Linear Regression,69.56
689,363,910,2025-05-01,Ramps,1670,332330.00,Tableau Forecast,71.69
690,142,323,2026-06-01,Scooters,1770,555780.00,XGBoost,68.12
691,653,69,2024-06-01,Scooters,2162,378350.00,ARIMA,85.28
692,105,254,2024-07-01,Ramps,144,53280.00,Random Forest,62.08
693,78,692,2024-06-01,Batteries,1103,231630.00,Linear Regression,66.48
694,836,205,2025-08-01,Seating,2051,629657.00,Linear Regression,86.46
695,853,420,2025-07-01,Scooters,1032,188856.00,LSTM,86.39
696,753,146,2026-10-01,Ramps,2598,670284.00,Prophet,81.09
697,782,793,2025-06-01,Parts,1767,607848.00,XGBoost,75.86
698,547,110,2024-12-01,Batteries,3070,460500.00,Linear Regression,98.22
699,356,569,2024-04-01,Parts,1144,250536.00,Random Forest,92.61
700,342,897,2026-01-01,Lift Chairs,1739,766899.00,ARIMA,73.27
701,734,682,2025-06-01,Seating,423,158202.00,Prophet,83.14
702,266,808,2026-08-01,Batteries,1785,542640.00,XGBoost,74.15
703,501,495,2025-12-01,Batteries,3927,1460844.00,Linear Regression,90.75
704,814,602,2025-10-01,Accessories,3249,828495.00,ARIMA,72.09
705,9,396,2025-01-01,Service Plans,449,153558.00,XGBoost,75.41
706,373,826,2026-07-01,Parts,1081,382674.00,Random Forest,79.63
707,925,668,2026-04-01,Batteries,4657,1397100.00,Copilot Forecast,60.82
708,908,867,2024-03-01,Batteries,1043,136633.00,ARIMA,78.48
709,618,446,2025-05-01,Power Chairs,2951,652171.00,Prophet,89.85
710,863,648,2024-10-01,Batteries,1873,359616.00,Tableau Forecast,61.23
711,370,685,2026-03-01,Scooters,3303,624267.00,Tableau Forecast,71.72
712,223,135,2024-11-01,Parts,3279,488571.00,ARIMA,85.64
713,253,691,2024-12-01,Service Plans,4838,1315936.00,Linear Regression,97.44
714,367,160,2024-08-01,Accessories,4611,1904343.00,Copilot Forecast,63.59
715,425,744,2025-10-01,Batteries,2217,911187.00,LSTM,96.60
716,363,863,2025-10-01,Controls,2952,1295928.00,Prophet,66.85
717,727,896,2026-04-01,Batteries,944,351168.00,XGBoost,77.36
718,871,149,2024-09-01,Batteries,1922,359414.00,ARIMA,66.38
719,488,397,2026-04-01,Scooters,3278,609708.00,Tableau Forecast,76.14
720,42,285,2025-12-01,Ramps,299,78039.00,LSTM,86.22
721,387,237,2024-02-01,Seating,1388,557976.00,Prophet,97.80
722,725,891,2024-06-01,Lift Chairs,103,19467.00,XGBoost,61.50
723,366,174,2026-05-01,Seating,2823,1185660.00,XGBoost,77.47
724,187,212,2025-08-01,Service Plans,3994,1034446.00,Random Forest,72.57
725,902,468,2025-04-01,Accessories,1927,861369.00,XGBoost,88.26
726,192,82,2026-04-01,Parts,3476,1446016.00,Prophet,61.62
727,452,775,2024-07-01,Lift Chairs,61,22570.00,Prophet,70.17
728,395,980,2026-11-01,Service Plans,2109,816183.00,Copilot Forecast,98.36
729,370,925,2025-04-01,Parts,4119,634326.00,Tableau Forecast,69.82
730,574,582,2024-06-01,Seating,1536,187392.00,Random Forest,62.59
731,371,53,2025-04-01,Controls,298,122180.00,Random Forest,93.23
732,134,627,2025-08-01,Controls,1915,331295.00,Random Forest,95.12
733,349,53,2025-02-01,Lift Chairs,2600,998400.00,Tableau Forecast,86.46
734,153,422,2025-10-01,Seating,269,104641.00,ARIMA,60.01
735,29,575,2024-08-01,Controls,1284,267072.00,Prophet,94.42
736,356,185,2024-09-01,Accessories,4836,1267032.00,LSTM,82.52
737,78,833,2024-03-01,Parts,1971,447417.00,Tableau Forecast,97.37
738,809,636,2024-08-01,Power Chairs,3005,1045740.00,Random Forest,66.61
739,59,814,2024-09-01,Ramps,4357,1721015.00,ARIMA,95.00
740,13,174,2025-02-01,Batteries,3858,1126536.00,Prophet,97.40
741,641,560,2024-01-01,Ramps,3684,1407288.00,Tableau Forecast,85.66
742,349,700,2026-12-01,Seating,4019,1149434.00,LSTM,97.50
743,772,100,2024-10-01,Batteries,2825,1169550.00,LSTM,61.70
744,401,423,2026-08-01,Service Plans,1491,368277.00,Linear Regression,86.75
745,440,979,2024-08-01,Parts,1508,567008.00,Prophet,81.34
746,316,813,2024-05-01,Accessories,1150,161000.00,Linear Regression,90.23
747,150,109,2025-01-01,Controls,2173,706225.00,Copilot Forecast,70.30
748,926,294,2024-05-01,Scooters,1698,701274.00,Copilot Forecast,90.97
749,992,35,2026-07-01,Controls,3729,935979.00,Copilot Forecast,82.26
750,323,458,2026-12-01,Batteries,2998,1175216.00,Prophet,97.83
751,831,960,2024-01-01,Ramps,3288,1479600.00,Tableau Forecast,85.32
752,459,640,2025-05-01,Accessories,800,302400.00,Tableau Forecast,81.25
753,54,75,2025-04-01,Lift Chairs,3773,1365826.00,Linear Regression,82.71
754,693,687,2024-07-01,Service Plans,2228,672856.00,XGBoost,96.59
755,15,277,2025-04-01,Controls,3642,1453158.00,ARIMA,71.56
756,399,353,2025-11-01,Scooters,4876,1082472.00,Tableau Forecast,74.74
757,143,776,2026-03-01,Power Chairs,3589,1510969.00,Random Forest,86.40
758,988,351,2026-03-01,Controls,3897,880722.00,Prophet,65.57
759,159,874,2025-08-01,Accessories,1562,245234.00,ARIMA,61.06
760,358,807,2025-08-01,Service Plans,4194,1736316.00,Prophet,74.51
761,349,795,2024-12-01,Ramps,2548,540176.00,Copilot Forecast,60.78
762,939,503,2026-09-01,Seating,56,16240.00,Random Forest,76.09
763,208,924,2026-01-01,Batteries,1733,233955.00,Prophet,92.44
764,670,194,2024-11-01,Lift Chairs,3373,988289.00,LSTM,77.13
765,887,738,2026-05-01,Controls,4982,1728754.00,ARIMA,89.09
766,511,279,2024-07-01,Ramps,410,54120.00,Prophet,92.85
767,53,803,2024-04-01,Batteries,3696,502656.00,Prophet,88.82
768,202,397,2026-08-01,Seating,2580,683700.00,Tableau Forecast,63.26
769,516,933,2026-11-01,Controls,3175,768350.00,Copilot Forecast,67.37
770,820,309,2024-06-01,Power Chairs,3965,1467050.00,LSTM,70.07
771,125,537,2025-09-01,Lift Chairs,3630,1230570.00,Linear Regression,90.03
772,281,175,2026-08-01,Controls,2569,395626.00,LSTM,94.85
773,744,752,2026-02-01,Service Plans,2103,368025.00,Tableau Forecast,66.84
774,177,85,2024-12-01,Lift Chairs,2165,891980.00,XGBoost,68.10
775,919,861,2024-10-01,Lift Chairs,4844,1879472.00,Prophet,72.40
776,217,882,2024-01-01,Lift Chairs,3826,696332.00,ARIMA,71.43
777,430,465,2025-09-01,Controls,2168,648232.00,Prophet,74.35
778,666,713,2026-05-01,Ramps,954,340578.00,Copilot Forecast,60.28
779,858,237,2025-07-01,Service Plans,4539,1910919.00,Prophet,95.23
780,451,669,2025-11-01,Ramps,2590,800310.00,Tableau Forecast,96.36
781,837,486,2026-08-01,Ramps,3322,1029820.00,Copilot Forecast,75.83
782,576,362,2025-08-01,Lift Chairs,3278,468754.00,ARIMA,79.76
783,447,319,2026-06-01,Parts,1194,501480.00,LSTM,96.60
784,295,587,2024-08-01,Service Plans,3029,457379.00,Tableau Forecast,80.90
785,148,480,2026-09-01,Parts,4156,1533564.00,Linear Regression,89.25
786,79,704,2024-03-01,Seating,90,30600.00,LSTM,87.35
787,847,550,2025-10-01,Controls,1444,612256.00,Random Forest,85.49
788,64,390,2025-11-01,Controls,2307,316059.00,XGBoost,72.06
789,252,167,2025-04-01,Scooters,4835,672065.00,Linear Regression,69.76
790,581,841,2024-02-01,Accessories,4506,977802.00,Random Forest,92.42
791,270,685,2024-02-01,Power Chairs,967,367460.00,Copilot Forecast,73.97
792,536,511,2026-09-01,Parts,2699,796205.00,LSTM,65.27
793,403,107,2025-06-01,Parts,1307,537177.00,Prophet,70.92
794,355,466,2025-10-01,Seating,3797,945453.00,Random Forest,72.54
795,666,514,2025-10-01,Controls,4524,1004328.00,Prophet,85.94
796,936,633,2025-06-01,Ramps,3305,1113785.00,Random Forest,85.95
797,728,907,2024-09-01,Seating,4761,1433061.00,Copilot Forecast,86.24
798,335,968,2024-08-01,Ramps,4423,849216.00,ARIMA,87.35
799,794,842,2026-10-01,Ramps,4827,849552.00,XGBoost,70.42
800,482,432,2025-10-01,Lift Chairs,2561,1137084.00,Random Forest,75.54
801,442,538,2026-09-01,Parts,2376,451440.00,Prophet,79.17
802,493,579,2026-08-01,Service Plans,1616,552672.00,ARIMA,63.57
803,622,778,2024-03-01,Power Chairs,4100,651900.00,LSTM,93.81
804,193,553,2026-11-01,Controls,1092,135408.00,XGBoost,63.98
805,78,586,2024-02-01,Power Chairs,3042,1356732.00,Linear Regression,95.51
806,836,741,2026-07-01,Batteries,1455,401580.00,Copilot Forecast,87.20
807,345,436,2024-01-01,Ramps,818,261760.00,Random Forest,84.97
808,38,535,2024-10-01,Lift Chairs,1787,536100.00,Linear Regression,67.45
809,247,690,2024-07-01,Seating,1100,313500.00,Prophet,97.70
810,507,322,2024-04-01,Parts,489,219561.00,Linear Regression,62.59
811,906,290,2025-03-01,Seating,552,105984.00,Linear Regression,67.49
812,378,15,2025-01-01,Service Plans,4046,1064098.00,Random Forest,89.13
813,876,599,2024-03-01,Service Plans,4272,627984.00,Tableau Forecast,60.97
814,951,807,2025-05-01,Accessories,82,22468.00,Prophet,60.95
815,99,686,2026-01-01,Seating,3884,1425428.00,XGBoost,69.31
816,775,891,2025-12-01,Controls,2028,377208.00,Tableau Forecast,84.87
817,352,264,2024-08-01,Controls,3623,1090523.00,Copilot Forecast,62.56
818,970,231,2024-08-01,Parts,2974,1079562.00,LSTM,72.24
819,185,931,2024-05-01,Ramps,3885,656565.00,Copilot Forecast,76.91
820,223,818,2025-11-01,Service Plans,2073,864441.00,XGBoost,83.99
821,985,71,2024-08-01,Parts,467,89197.00,ARIMA,96.88
822,652,256,2024-04-01,Service Plans,2136,497688.00,ARIMA,77.25
823,660,907,2025-10-01,Parts,4470,1935510.00,XGBoost,95.22
824,722,906,2025-08-01,Service Plans,1597,367310.00,Prophet,92.84
825,461,942,2026-10-01,Scooters,405,94365.00,Prophet,65.85
826,581,714,2025-06-01,Parts,4960,1210240.00,LSTM,78.25
827,809,758,2024-05-01,Scooters,1530,249390.00,Copilot Forecast,97.15
828,877,670,2024-03-01,Parts,325,104000.00,Prophet,61.81
829,404,258,2026-05-01,Accessories,2109,457653.00,Copilot Forecast,70.55
830,828,814,2025-04-01,Ramps,1363,556104.00,Prophet,69.99
831,58,475,2024-12-01,Lift Chairs,111,49173.00,XGBoost,96.33
832,327,161,2025-07-01,Controls,4147,1003574.00,ARIMA,93.46
833,685,494,2026-08-01,Scooters,4517,1278311.00,ARIMA,83.76
834,224,41,2024-04-01,Power Chairs,4477,1387870.00,ARIMA,83.23
835,650,999,2024-11-01,Lift Chairs,3515,801420.00,LSTM,80.32
836,906,339,2025-11-01,Batteries,3948,1373904.00,Copilot Forecast,74.60
837,567,674,2025-02-01,Batteries,3977,811308.00,Tableau Forecast,85.84
838,654,222,2024-05-01,Accessories,2296,769160.00,XGBoost,88.11
839,292,961,2025-06-01,Scooters,3434,1339260.00,LSTM,71.72
840,124,477,2025-12-01,Parts,1694,491260.00,Tableau Forecast,68.06
841,807,747,2024-09-01,Controls,3051,533925.00,Copilot Forecast,82.47
842,936,594,2025-06-01,Ramps,4689,1425456.00,LSTM,91.17
843,459,762,2024-01-01,Parts,1923,446136.00,XGBoost,67.20
844,263,653,2025-12-01,Lift Chairs,2278,874752.00,Prophet,60.34
845,95,750,2024-03-01,Batteries,1097,313742.00,LSTM,73.95
846,465,657,2026-11-01,Lift Chairs,3066,677586.00,Random Forest,79.14
847,292,148,2025-01-01,Ramps,2286,354330.00,Linear Regression,68.45
848,559,80,2024-10-01,Accessories,3915,559845.00,Tableau Forecast,66.13
849,17,635,2026-09-01,Accessories,1219,221858.00,LSTM,85.22
850,157,171,2024-05-01,Service Plans,1608,691440.00,LSTM,61.30
851,404,920,2026-11-01,Lift Chairs,2553,1046730.00,Linear Regression,61.01
852,203,618,2025-11-01,Power Chairs,4896,1410048.00,Tableau Forecast,81.27
853,413,469,2024-11-01,Service Plans,2458,921750.00,ARIMA,61.99
854,311,409,2025-09-01,Ramps,1326,369954.00,Copilot Forecast,74.90
855,442,952,2025-12-01,Power Chairs,4653,1084149.00,Linear Regression,68.31
856,928,747,2025-09-01,Power Chairs,1350,407700.00,LSTM,73.25
857,585,489,2024-06-01,Lift Chairs,3549,723996.00,Copilot Forecast,75.02
858,459,753,2024-04-01,Lift Chairs,1219,349853.00,Tableau Forecast,69.68
859,840,735,2025-12-01,Service Plans,3432,1359072.00,XGBoost,78.71
860,182,198,2024-12-01,Accessories,2265,813135.00,Linear Regression,85.20
861,48,362,2025-07-01,Scooters,3308,572284.00,Linear Regression,83.68
862,50,388,2026-07-01,Seating,762,304038.00,Copilot Forecast,66.67
863,979,483,2026-07-01,Service Plans,4309,1667583.00,XGBoost,70.74
864,773,252,2025-10-01,Service Plans,2137,275673.00,LSTM,63.29
865,820,89,2025-10-01,Accessories,2704,900432.00,Linear Regression,70.79
866,890,104,2026-09-01,Seating,1916,459840.00,Random Forest,81.51
867,275,481,2024-07-01,Ramps,4795,1040515.00,Prophet,91.78
868,617,993,2026-04-01,Accessories,4096,1523712.00,ARIMA,63.60
869,79,395,2026-03-01,Accessories,1360,182240.00,Prophet,79.80
870,643,157,2025-03-01,Accessories,304,37392.00,Prophet,74.37
871,834,846,2024-02-01,Ramps,1646,401624.00,Random Forest,86.82
872,182,82,2025-01-01,Lift Chairs,4913,1979939.00,Tableau Forecast,61.80
873,938,437,2024-02-01,Controls,4549,1928776.00,XGBoost,61.38
874,19,920,2024-03-01,Accessories,2898,1243242.00,Prophet,86.19
875,926,590,2025-08-01,Power Chairs,2673,866052.00,ARIMA,87.62
876,770,767,2026-02-01,Scooters,4816,2152752.00,Tableau Forecast,74.86
877,871,317,2025-04-01,Seating,1476,398520.00,Random Forest,70.16
878,382,936,2024-09-01,Scooters,3990,710220.00,LSTM,71.24
879,119,117,2025-05-01,Controls,3616,1576576.00,ARIMA,95.47
880,137,495,2026-09-01,Lift Chairs,3754,469250.00,XGBoost,95.79
881,244,673,2025-01-01,Seating,431,189209.00,ARIMA,94.01
882,643,731,2026-12-01,Service Plans,1705,450120.00,Prophet,67.06
883,683,698,2024-03-01,Power Chairs,977,306778.00,ARIMA,74.80
884,272,715,2026-12-01,Scooters,1808,381488.00,Random Forest,65.48
885,394,165,2026-06-01,Parts,1581,553350.00,XGBoost,85.89
886,115,102,2024-03-01,Ramps,773,179336.00,Tableau Forecast,82.28
887,978,928,2026-05-01,Accessories,1406,548340.00,XGBoost,95.18
888,768,776,2025-11-01,Scooters,267,45657.00,Copilot Forecast,77.61
889,814,850,2024-02-01,Seating,3597,1291323.00,Copilot Forecast,89.11
890,99,342,2026-01-01,Accessories,1520,430160.00,Copilot Forecast,94.55
891,799,17,2024-07-01,Lift Chairs,3674,878086.00,XGBoost,61.61
892,703,827,2026-05-01,Parts,735,269745.00,Random Forest,85.31
893,811,203,2024-05-01,Scooters,147,44688.00,Linear Regression,90.78
894,459,331,2024-11-01,Parts,2857,382838.00,ARIMA,80.84
895,299,423,2026-06-01,Controls,1391,556400.00,Tableau Forecast,62.46
896,463,625,2025-09-01,Controls,2102,720986.00,ARIMA,88.99
897,667,461,2026-11-01,Ramps,1911,252252.00,Linear Regression,86.07
898,330,336,2024-06-01,Power Chairs,4227,1006026.00,Prophet,79.65
899,657,610,2024-08-01,Controls,1418,499136.00,Random Forest,96.73
900,27,121,2024-09-01,Seating,1585,648265.00,Random Forest,65.15
901,65,847,2025-02-01,Accessories,787,157400.00,Linear Regression,61.09
902,75,908,2024-07-01,Service Plans,4425,597375.00,ARIMA,74.37
903,323,66,2024-05-01,Scooters,389,126425.00,Tableau Forecast,85.20
904,472,51,2025-08-01,Ramps,686,113190.00,Linear Regression,81.36
905,570,416,2025-10-01,Accessories,3618,1378458.00,Prophet,66.46
906,26,316,2025-01-01,Batteries,3718,1595022.00,Prophet,97.13
907,592,64,2026-11-01,Scooters,4319,781739.00,Prophet,99.37
908,815,712,2025-06-01,Ramps,3383,1268625.00,Tableau Forecast,77.34
909,275,579,2024-10-01,Ramps,2821,524706.00,ARIMA,63.81
910,461,433,2024-10-01,Batteries,1305,219240.00,LSTM,62.97
911,906,157,2025-08-01,Accessories,378,70308.00,ARIMA,69.94
912,517,895,2025-04-01,Lift Chairs,2551,895401.00,Tableau Forecast,78.19
913,61,633,2024-06-01,Parts,1603,314188.00,XGBoost,81.02
914,803,242,2026-10-01,Parts,4601,1665562.00,Tableau Forecast,66.90
915,644,743,2025-03-01,Parts,1607,369610.00,Tableau Forecast,95.22
916,31,916,2026-01-01,Service Plans,1388,347000.00,Random Forest,82.73
917,732,621,2025-11-01,Seating,3520,774400.00,Linear Regression,90.25
918,139,694,2025-09-01,Controls,2392,612352.00,Random Forest,83.13
919,135,728,2024-06-01,Accessories,3268,970596.00,Prophet,81.85
920,171,808,2026-07-01,Lift Chairs,3768,1232136.00,Tableau Forecast,69.83
921,962,400,2024-04-01,Lift Chairs,2603,314963.00,ARIMA,93.66
922,277,799,2025-07-01,Power Chairs,1642,402290.00,Prophet,70.34
923,707,201,2024-02-01,Batteries,3117,1006791.00,LSTM,66.99
924,819,890,2025-04-01,Seating,3336,690552.00,Copilot Forecast,67.19
925,33,291,2024-04-01,Batteries,3035,1077425.00,Linear Regression,74.37
926,278,893,2026-02-01,Batteries,2560,573440.00,XGBoost,63.32
927,911,590,2024-08-01,Batteries,2831,721905.00,Linear Regression,99.17
928,784,833,2025-08-01,Scooters,2416,495280.00,Linear Regression,67.10
929,518,113,2026-05-01,Parts,3151,759391.00,Prophet,66.38
930,771,503,2024-02-01,Service Plans,3391,878269.00,XGBoost,95.63
931,601,611,2026-07-01,Seating,2411,508721.00,Tableau Forecast,66.85
932,220,668,2025-12-01,Service Plans,1723,491055.00,Tableau Forecast,74.80
933,246,875,2026-10-01,Power Chairs,1018,309472.00,ARIMA,78.36
934,817,542,2024-05-01,Accessories,3069,484902.00,Linear Regression,78.96
935,348,981,2026-03-01,Controls,1971,283824.00,XGBoost,70.27
936,742,516,2026-04-01,Scooters,674,89642.00,XGBoost,69.91
937,656,697,2025-04-01,Ramps,3969,1559817.00,XGBoost,72.19
938,648,426,2026-01-01,Power Chairs,631,162167.00,Copilot Forecast,76.62
939,743,28,2026-10-01,Ramps,3238,576364.00,Copilot Forecast,69.57
940,819,879,2025-05-01,Scooters,889,173355.00,Tableau Forecast,83.61
941,347,10,2026-11-01,Ramps,352,111584.00,Prophet,93.56
942,596,10,2025-08-01,Scooters,734,219466.00,Prophet,95.57
943,84,426,2025-01-01,Power Chairs,1186,257362.00,ARIMA,95.94
944,572,951,2024-03-01,Service Plans,3987,813348.00,Copilot Forecast,91.17
945,948,177,2026-04-01,Power Chairs,1144,202488.00,Copilot Forecast,95.10
946,145,381,2025-12-01,Power Chairs,4539,1230069.00,Tableau Forecast,84.43
947,897,268,2025-10-01,Lift Chairs,3758,1420524.00,ARIMA,96.79
948,285,859,2026-02-01,Batteries,2392,389896.00,XGBoost,70.17
949,863,501,2024-11-01,Lift Chairs,3946,923364.00,Random Forest,87.87
950,593,378,2026-07-01,Lift Chairs,604,181804.00,LSTM,89.22
951,999,332,2026-10-01,Controls,2288,807664.00,Copilot Forecast,68.43
952,608,236,2025-12-01,Power Chairs,4177,864639.00,LSTM,72.42
953,657,548,2025-10-01,Accessories,3893,1662311.00,Copilot Forecast,77.52
954,103,42,2024-08-01,Parts,2604,1145760.00,Random Forest,83.91
955,325,5,2026-11-01,Batteries,4436,762992.00,Random Forest,82.51
956,896,137,2024-06-01,Seating,3602,479066.00,LSTM,90.32
957,734,16,2026-07-01,Service Plans,3188,1074356.00,Copilot Forecast,68.35
958,18,929,2025-11-01,Controls,3883,1246443.00,LSTM,93.39
959,513,298,2024-02-01,Lift Chairs,516,85140.00,Copilot Forecast,66.53
960,937,107,2024-07-01,Seating,2596,690536.00,ARIMA,94.62
961,301,63,2024-05-01,Seating,2878,1203004.00,LSTM,98.82
962,416,383,2026-11-01,Accessories,1968,558912.00,LSTM,66.22
963,792,465,2025-11-01,Service Plans,2050,738000.00,LSTM,61.50
964,793,793,2025-12-01,Parts,3468,1057740.00,Tableau Forecast,95.39
965,745,943,2025-05-01,Lift Chairs,4638,1391400.00,LSTM,63.00
966,430,469,2024-06-01,Service Plans,4562,1222616.00,ARIMA,63.25
967,873,492,2025-06-01,Service Plans,1441,288200.00,XGBoost,84.54
968,899,166,2026-11-01,Accessories,3557,1020859.00,Copilot Forecast,79.61
969,55,146,2026-10-01,Power Chairs,4668,2030580.00,Random Forest,86.26
970,1,61,2025-05-01,Seating,361,124184.00,Linear Regression,90.00
971,290,147,2025-10-01,Ramps,722,133570.00,LSTM,78.56
972,71,725,2025-04-01,Accessories,4501,1323294.00,Tableau Forecast,74.82
973,292,428,2024-06-01,Scooters,1369,594146.00,Linear Regression,65.17
974,278,61,2025-12-01,Seating,1422,186282.00,LSTM,65.56
975,907,418,2025-04-01,Scooters,1725,438150.00,Prophet,80.82
976,460,148,2025-09-01,Seating,4113,888408.00,XGBoost,85.70
977,709,520,2025-10-01,Power Chairs,1594,368214.00,Linear Regression,64.05
978,824,906,2026-02-01,Ramps,3990,650370.00,ARIMA,99.20
979,517,835,2024-12-01,Parts,1945,293695.00,Linear Regression,71.11
980,430,669,2026-11-01,Ramps,2518,621946.00,ARIMA,86.27
981,228,483,2026-01-01,Seating,1681,275684.00,ARIMA,88.88
982,247,953,2026-02-01,Ramps,307,128019.00,Tableau Forecast,88.63
983,802,475,2026-07-01,Controls,4135,1463790.00,Random Forest,93.71
984,366,357,2025-08-01,Batteries,3142,876618.00,LSTM,84.39
985,114,629,2024-04-01,Parts,2099,793422.00,Linear Regression,67.98
986,924,52,2026-12-01,Lift Chairs,959,167825.00,Copilot Forecast,84.66
987,241,843,2026-06-01,Power Chairs,3093,695925.00,XGBoost,67.59
988,374,696,2024-04-01,Scooters,723,162675.00,Linear Regression,98.47
989,476,24,2026-06-01,Lift Chairs,2805,375870.00,Copilot Forecast,69.89
990,395,451,2025-03-01,Batteries,3511,445897.00,Prophet,72.63
991,835,520,2024-12-01,Controls,2482,685032.00,Copilot Forecast,66.21
992,753,262,2025-05-01,Lift Chairs,4657,1140965.00,Tableau Forecast,87.54
993,179,598,2026-08-01,Batteries,2091,307377.00,ARIMA,77.25
994,172,683,2025-08-01,Power Chairs,1433,424168.00,XGBoost,69.04
995,474,787,2025-09-01,Scooters,1739,612128.00,XGBoost,74.78
996,785,573,2024-09-01,Service Plans,2216,866456.00,Prophet,83.37
997,367,975,2026-10-01,Scooters,2508,1073424.00,Copilot Forecast,86.81
998,768,724,2025-10-01,Service Plans,4820,742280.00,Linear Regression,72.39
999,443,258,2025-11-01,Parts,2451,666672.00,XGBoost,69.41
1000,75,992,2026-01-01,Parts,297,74844.00,XGBoost,71.97
